procs -----------memory---------- ---swap-- -----io---- -system-- -------cpu------- -----timestamp-----
 r  b   swpd   free   buff  cache   si   so    bi    bo   in   cs us sy id wa st gu                 CST
 0  0      0 13456164 355116 615664    0    0   133  2670 7347    9  2  2 95  1  0  0 2026-09-08 15:04:49
 0  0      0 13449164 355428 639156    0    0     0  1896 8423 13114  0  3 95  2  0  0 2026-09-08 15:04:50
 0  1      0 13420756 357772 647332    0    0    16 11392 45099 78495 10 12 71  7  0  0 2026-09-08 15:04:51
 1  0      0 13406548 360468 651144    0    0     4 13808 47335 82668 11 13 68  8  0  0 2026-09-08 15:04:52
 0  1      0 13403156 363244 654540    0    0     0 14944 46388 80750 11 12 69  8  0  0 2026-09-08 15:04:53
 1  1      0 13399464 365920 657692    0    0     8 14376 45414 78618 11 12 69  8  0  0 2026-09-08 15:04:54
 0  2      0 13392380 368456 664156    0    0    16 17364 43780 75872 12 12 68  8  0  0 2026-09-08 15:04:55
 2  1      0 13387328 371120 667428    0    0    20 14700 47061 82316 11 12 69  8  0  0 2026-09-08 15:04:56
 4  1      0 13380760 373432 672752    0    0    16 17804 44120 77133 10 11 70  9  0  0 2026-09-08 15:04:57
 3  1      0 13374564 376184 677088    0    0    20 18220 46484 80962 11 11 70  8  0  0 2026-09-08 15:04:58
 6  1      0 13368784 378600 681188    0    0     4 17164 44209 76515 12 13 66  8  0  0 2026-09-08 15:04:59
 2  1      0 13363856 381112 685388    0    0    48 17552 45780 79404 13 13 66  8  0  0 2026-09-08 15:05:00
 3  1      0 13357700 383768 688580    0    0    84 16904 45900 79730 12 13 67  8  0  0 2026-09-08 15:05:01
 7  2      0 13352824 386420 692008    0    0    16 17004 44885 78095 11 11 69  8  0  0 2026-09-08 15:05:02
 0  2      0 13342568 389096 696404    0    0     4 18420 46810 81557 10 12 69  9  0  0 2026-09-08 15:05:03
 1  1      0 13334064 391700 701992    0    0    72 18908 45289 78658 11 13 68  8  0  0 2026-09-08 15:05:04
 3  1      0 13326820 394340 705456    0    0    24 17332 45214 78691 11 12 69  9  0  0 2026-09-08 15:05:05
 0  1      0 13319680 397052 709676    0    0    52 18140 46227 80411 11 12 68  9  0  0 2026-09-08 15:05:06
 0  2      0 13314540 399764 713592    0    0    64 18172 46714 81245 10 12 69  9  0  0 2026-09-08 15:05:07
 2  1      0 13307704 402284 718140    0    0     4 18488 44197 76446 12 12 68  9  0  0 2026-09-08 15:05:08
 0  1      0 13301916 404964 722516    0    0    32 19172 44250 76742 10 11 70  9  0  0 2026-09-08 15:05:09
procs -----------memory---------- ---swap-- -----io---- -system-- -------cpu------- -----timestamp-----
 r  b   swpd   free   buff  cache   si   so    bi    bo   in   cs us sy id wa st gu                 CST
 2  1      0 13295256 407692 726424    0    0   388 18092 45324 78671 10 11 70  9  0  0 2026-09-08 15:05:10
 0  1      0 13381528 410364 699228    0    0     0 16092 22025 36159  5  8 79  9  0  0 2026-09-08 15:05:11
 0  1      0 13376552 412804 701324    0    0     4 14744 16478 26491  4  5 83  9  0  0 2026-09-08 15:05:12
 0  1      0 13374468 415372 704000    0    0     0 15392 17169 27813  4  7 82  8  0  0 2026-09-08 15:05:13
 0  1      0 13369416 417900 707648    0    0     4 16252 17391 28207  4  6 82  8  0  0 2026-09-08 15:05:14
 0  1      0 13362820 420428 712168    0    0     0 16696 17224 27962  4  6 82  8  0  0 2026-09-08 15:05:15
 0  0      0 13359308 422644 714724    0    0     0 13872 16265 25900  4  5 83  7  0  0 2026-09-08 15:05:16
 0  0      0 13356468 423348 715788    0    0     0  7300 5929 8282  2  2 92  3  0  0 2026-09-08 15:05:17
 1  0      0 13354964 423988 716648    0    0     0  6728 5480 7667  2  1 93  3  0  0 2026-09-08 15:05:18
 5  0      0 13284128 424668 716560    0    0     0  5964 10335 15943  8  6 84  2  0  0 2026-09-08 15:05:19
 0  0      0 13189368 425100 717028    0    0     0  4576 8186 11682 14  6 79  2  0  0 2026-09-08 15:05:20
 1  0      0 13324316 426084 717076    0    0     0  8548 25445 45718  2  7 87  4  0  0 2026-09-08 15:05:21
 0  0      0 13324100 426412 717116    0    0     0  3312 35215 65523  4  8 87  1  0  0 2026-09-08 15:05:22
 0  0      0 13323596 427676 717192    0    0     0  9156 13630 23083  1  4 91  4  0  0 2026-09-08 15:05:23
 5  1      0 13271432 429276 747532    0    0    16  7676 29845 50496  6  9 80  5  0  0 2026-09-08 15:05:24
 0  1      0 13255060 432036 748656    0    0     0 13308 39895 69065  9 10 73  8  0  0 2026-09-08 15:05:25
 3  1      0 13251788 434772 750152    0    0    32 14956 40587 70279  8 10 73  9  0  0 2026-09-08 15:05:26
 0  1      0 13244704 437500 753680    0    0    64 19336 39796 68830  7 10 74  9  0  0 2026-09-08 15:05:27
 0  1      0 13236956 440228 756156    0    0    16 17580 40033 68912  8 10 73  9  0  0 2026-09-08 15:05:28
 5  1      0 13232656 443004 758524    0    0     0 17780 40332 69687  7 10 73  9  0  0 2026-09-08 15:05:29
 2  1      0 13228868 445604 759808    0    0     0 16132 39040 67226  8 10 73  9  0  0 2026-09-08 15:05:30
procs -----------memory---------- ---swap-- -----io---- -system-- -------cpu------- -----timestamp-----
 r  b   swpd   free   buff  cache   si   so    bi    bo   in   cs us sy id wa st gu                 CST
 2  1      0 13215060 448308 771092    0    0    20 25972 39143 67206  7 10 74  9  0  0 2026-09-08 15:05:31
 3  1      0 13209756 450996 773460    0    0     0 17656 39885 68763  8 10 72  9  0  0 2026-09-08 15:05:32
 0  1      0 13203708 453692 774796    0    0    16 16868 41079 70911  8 10 72  9  0  0 2026-09-08 15:05:33
 1  1      0 13199412 456388 777160    0    0    16 17384 39845 68692  7 11 73  9  0  0 2026-09-08 15:05:34
 0  1      0 13194636 459052 779084    0    0   368 16556 40419 69867  8 10 72  9  0  0 2026-09-08 15:05:35
 0  1      0 13188652 461804 780400    0    0    16 16796 40196 69624  8 11 72  9  0  0 2026-09-08 15:05:36
 4  1      0 13183696 464556 782784    0    0    32 18328 39969 68857  9 10 72  9  0  0 2026-09-08 15:05:37
 2  1      0 13180940 467284 784172    0    0    16 17564 39445 67891  8 11 72  9  0  0 2026-09-08 15:05:38
 0  2      0 13174200 470004 785628    0    0     0 17912 40059 69137  9 10 71  9  0  0 2026-09-08 15:05:39
 0  2      0 13168924 472708 786920    0    0     0 17916 41325 71428  9 11 71  9  0  0 2026-09-08 15:05:40
 2  1      0 13163128 475420 788212    0    0     0 17488 40163 69380  9 11 71  9  0  0 2026-09-08 15:05:41
 0  1      0 13158412 478076 790328    0    0   664 17584 39749 68441  8 10 73  9  0  0 2026-09-08 15:05:42
 1  0      0 13152548 480772 794544    0    0  1808 18808 39792 68624  9 11 71  9  0  0 2026-09-08 15:05:43
 0  1      0 13230592 483380 766820    0    0     0 17604 28339 47727  7  9 76  9  0  0 2026-09-08 15:05:44
 0  0      0 13230020 485508 767684    0    0     0 13732 14890 23908  4  5 83  7  0  0 2026-09-08 15:05:45
 1  0      0 13221628 486276 768276    0    0     0  7940 8023 11912  3  4 90  3  0  0 2026-09-08 15:05:46
 2  0      0 13103944 486764 768328    0    0     0  6072 10301 15213 14  7 76  2  0  0 2026-09-08 15:05:47
 1  0      0 13190688 487580 768324    0    0     0  6208 14245 23966  5  5 87  3  0  0 2026-09-08 15:05:48
 0  0      0 13193012 488052 768340    0    0     0  5000 36541 67984  4  9 86  2  0  0 2026-09-08 15:05:49
 0  0      0 13194592 488996 768404    0    0     0  6012 22667 40693  2  6 88  3  0  0 2026-09-08 15:05:50
 2  1      0 13141676 489972 798400    0    0     0  6344 16543 26947  2  4 89  4  0  0 2026-09-08 15:05:51
procs -----------memory---------- ---swap-- -----io---- -system-- -------cpu------- -----timestamp-----
 r  b   swpd   free   buff  cache   si   so    bi    bo   in   cs us sy id wa st gu                 CST
 0  2      0 13128808 492596 800536    0    0     0 16044 41358 71506  8 11 73  9  0  0 2026-09-08 15:05:52
 3  1      0 13125552 495280 801932    0    0     0 16016 42845 74037  8 11 72  8  0  0 2026-09-08 15:05:53
 0  1      0 13118984 498004 804364    0    0     0 16900 41870 72244  9 10 72  8  0  0 2026-09-08 15:05:54
 0  1      0 13115256 500652 806796    0    0     0 16640 41617 71752  9 11 71  9  0  0 2026-09-08 15:05:55
 2  1      0 13111268 503388 808152    0    0     0 16100 42312 73243  8 11 72  8  0  0 2026-09-08 15:05:56
 1  1      0 13108488 506036 809476    0    0     0 17824 41560 71759  8 11 72  9  0  0 2026-09-08 15:05:57
 1  1      0 13105492 508740 811868    0    0     0 19216 42109 72836  7 11 73  9  0  0 2026-09-08 15:05:58
 0  2      0 13101956 511480 813216    0    0    16 18160 41974 72480  9 11 72  9  0  0 2026-09-08 15:05:59
 0  1      0 13099588 514164 814640    0    0     0 17456 41539 71815  7 11 73  9  0  0 2026-09-08 15:06:00
 1  1      0 13094452 516748 817076    0    0     0 18120 41886 72434  8 11 72  9  0  0 2026-09-08 15:06:01
 2  1      0 13091936 519176 818464    0    0     0 17388 42394 73113  9 11 71  9  0  0 2026-09-08 15:06:02
 1  2      0 13089920 520200 819800    0    0     0 17480 41249 71046  8 11 72  9  0  0 2026-09-08 15:06:03
 3  1      0 13081040 521212 825348    0    0     0 21992 42953 74391 10 12 69  9  0  0 2026-09-08 15:06:04
 0  1      0 13077004 522260 827712    0    0    16 18252 41799 72297  9 11 70  9  0  0 2026-09-08 15:06:05
 0  1      0 13074604 523228 829032    0    0     0 17712 42224 72989  8 10 72  9  0  0 2026-09-08 15:06:06
 6  1      0 13070696 524280 832432    0    0     0 19972 40839 70479  9 10 73  9  0  0 2026-09-08 15:06:07
 0  2      0 13066756 525284 834816    0    0     0 19744 42340 73367  9 11 71  9  0  0 2026-09-08 15:06:08
 6  1      0 13064992 526260 836052    0    0    52 17576 41947 72150 13 11 67  9  0  0 2026-09-08 15:06:09
 2  1      0 13062976 527304 837352    0    0     0 18436 42517 73410 11 11 69  9  0  0 2026-09-08 15:06:10
 2  1      0 13142532 528352 812888    0    0     0 22012 38928 67012  9 10 72  9  0  0 2026-09-08 15:06:11
 0  1      0 13145040 529412 813936    0    0     0 15800 17485 28549  4  6 81  8  0  0 2026-09-08 15:06:12
procs -----------memory---------- ---swap-- -----io---- -system-- -------cpu------- -----timestamp-----
 r  b   swpd   free   buff  cache   si   so    bi    bo   in   cs us sy id wa st gu                 CST
 0  1      0 13141752 530468 816064    0    0     4 16572 17400 28170  4  6 81  9  0  0 2026-09-08 15:06:13
 0  0      0 13140496 531200 817020    0    0     0 13860 15003 24023  4  6 83  7  0  0 2026-09-08 15:06:14
 0  0      0 13139252 531468 817452    0    0     0  8092 5991 8353  3  2 92  3  0  0 2026-09-08 15:06:15
 3  0      0 13136300 531720 817712    0    0     0  7436 7565 10944  3  3 91  3  0  0 2026-09-08 15:06:16
 1  0      0 13017992 531908 817760    0    0     0  5896 10553 15731 14  6 77  2  0  0 2026-09-08 15:06:17
 0  0      0 13110856 532144 817744    0    0     0  6708 14516 24141  5  4 88  3  0  0 2026-09-08 15:06:18
 1  0      0 13115080 532428 817796    0    0     0  7740 36340 67629  3  7 87  2  0  0 2026-09-08 15:06:19
 0  0      0 13118276 532632 817840    0    0     0  4928 23810 43266  2  6 90  3  0  0 2026-09-08 15:06:20
 1  1      0 13061908 533020 847920    0    0     0  5692 17656 29167  3  5 89  4  0  0 2026-09-08 15:06:21
 2  1      0 13050808 534000 850028    0    0    16 15628 43654 75613  8 12 72  8  0  0 2026-09-08 15:06:22
 0  2      0 13043732 535056 853588    0    0     0 17084 42873 74271  8 11 72  9  0  0 2026-09-08 15:06:23
 1  1      0 13038192 536140 856004    0    0     0 17028 44114 76688  9 11 72  9  0  0 2026-09-08 15:06:24
 7  0      0 13035924 537116 857452    0    0     0 17544 43258 74805  8 11 72  9  0  0 2026-09-08 15:06:25
 2  1      0 13031896 538088 858716    0    0     0 18852 43693 75645  9 11 70  9  0  0 2026-09-08 15:06:26
 9  1      0 13028620 539168 859800    0    0     0 17624 36830 63848  8  9 74  9  0  0 2026-09-08 15:06:27
 2  1      0 13026212 540156 861228    0    0    16 18480 45130 78674 10 11 70  9  0  0 2026-09-08 15:06:28
 1  2      0 13021840 541256 865740    0    0     0 21552 44401 76924 10 12 70  9  0  0 2026-09-08 15:06:29
 4  1      0 13020460 542276 867052    0    0     0 18100 43789 75842  9 12 70  9  0  0 2026-09-08 15:06:30
 3  1      0 13017692 543200 868408    0    0    28 17264 42135 72565 11 12 68  8  0  0 2026-09-08 15:06:31
 1  0      0 13014436 544192 870772    0    0     0 19220 45329 78913 10 13 68  9  0  0 2026-09-08 15:06:32
 7  1      0 13010624 545248 874208    0    0     0 20336 44226 76715  9 12 70  9  0  0 2026-09-08 15:06:33
procs -----------memory---------- ---swap-- -----io---- -system-- -------cpu------- -----timestamp-----
 r  b   swpd   free   buff  cache   si   so    bi    bo   in   cs us sy id wa st gu                 CST
 1  1      0 13004340 546224 875536    0    0     0 17896 43298 75104  9 11 70  9  0  0 2026-09-08 15:06:34
 3  1      0 13002252 547316 877912    0    0     0 19472 44234 76775 10 12 69  9  0  0 2026-09-08 15:06:35
 3  1      0 12998068 548356 881376    0    0     0 20616 44406 77067 11 12 69  9  0  0 2026-09-08 15:06:36
 3  1      0 12994120 549272 882632    0    0     0 17640 42498 73271 13 13 66  8  0  0 2026-09-08 15:06:37
 1  1      0 12991232 550340 884016    0    0     0 18888 44076 76740  9 10 72  9  0  0 2026-09-08 15:06:38
 3  2      0 12989104 551348 885300    0    0     0 19088 43730 75680  9 11 71  9  0  0 2026-09-08 15:06:39
 1  1      0 12987088 552376 886644    0    0     0 18248 43121 74610 10 11 70  9  0  0 2026-09-08 15:06:40
 5  1      0 13068216 553404 859168    0    0     0 19744 41208 71345  9 11 71  9  0  0 2026-09-08 15:06:41
 0  1      0 13071596 554312 860152    0    0     0 16140 16799 27162  4  6 81  9  0  0 2026-09-08 15:06:42
 5  1      0 13071388 555328 861268    0    0     0 16436 18181 28964  4  6 81  8  0  0 2026-09-08 15:06:43
 6  1      0 13069432 556644 862248    0    0     0 16852 17585 28141  5  7 79  9  0  0 2026-09-08 15:06:44
 6  1      0 13067252 557620 863304    0    0     0 16784 17849 28395  5  6 80  9  0  0 2026-09-08 15:06:45
 5  1      0 13066076 558292 864068    0    0     0 12000 11036 16662  4  4 87  5  0  0 2026-09-08 15:06:46
 1  2      0 13063804 558612 865596    0    0     0  9920 6354 8771  3  2 92  3  0  0 2026-09-08 15:06:47
 2  0      0 13011200 558876 865748    0    0     0  7228 9681 14883  6  6 85  3  0  0 2026-09-08 15:06:48
 1  1      0 12904192 559124 865760    0    0     0  6772 8973 12927 15  6 77  2  0  0 2026-09-08 15:06:49
 2  1      0 13019860 559380 865740    0    0     0  6740 23529 42060  3  7 88  3  0  0 2026-09-08 15:06:50
 0  1      0 13019860 559556 865756    0    0     0  5140 34727 64387  4  8 87  1  0  0 2026-09-08 15:06:51
 0  1      0 13020192 559924 865820    0    0     0  6132 14872 25571  1  4 91  3  0  0 2026-09-08 15:06:52
 2  2      0 12973584 560292 895464    0    0     0  5664 18663 30460  4  5 87  4  0  0 2026-09-08 15:06:53
 1  2      0 12965000 561264 897628    0    0     0 14368 41359 71192 10 13 70  8  0  0 2026-09-08 15:06:54
procs -----------memory---------- ---swap-- -----io---- -system-- -------cpu------- -----timestamp-----
 r  b   swpd   free   buff  cache   si   so    bi    bo   in   cs us sy id wa st gu                 CST
 0  2      0 12962696 562260 899100    0    0     0 14868 42679 73896 12 12 68  8  0  0 2026-09-08 15:06:55
 0  1      0 12960180 563276 903600    0    0  3184 15732 41331 71535  9 10 73  8  0  0 2026-09-08 15:06:56
 0  2      0 12956656 564296 904832    0    0     0 18520 41520 71695  9 11 71  9  0  0 2026-09-08 15:06:57
 0  1      0 12953620 565388 907168    0    0     0 19576 40936 70929  8 11 72  9  0  0 2026-09-08 15:06:58
 2  1      0 12948572 566376 909704    0    0    16 20040 41889 72376  8 11 72  9  0  0 2026-09-08 15:06:59
 0  1      0 12944780 567368 912040    0    0     0 19364 42524 73660  9 11 71  9  0  0 2026-09-08 15:07:00
 2  1      0 12942344 568508 914372    0    0     0 19008 41337 71329  9 11 71  9  0  0 2026-09-08 15:07:01
 5  1      0 12938660 569800 916740    0    0     0 19048 41126 70974  9 10 72  9  0  0 2026-09-08 15:07:02
 5  1      0 12934612 570928 919136    0    0     0 19408 42113 73009  8 11 72  9  0  0 2026-09-08 15:07:03
 1  1      0 12930812 572268 921436    0    0     0 19856 42277 73168  9 11 71  9  0  0 2026-09-08 15:07:04
 1  1      0 12928584 573496 922844    0    0    32 18112 41812 72151  8 11 71  9  0  0 2026-09-08 15:07:05
 2  1      0 12926408 574760 924220    0    0     0 18304 41069 70751  9 10 72  9  0  0 2026-09-08 15:07:06
 3  1      0 12919916 575920 927556    0    0     0 20700 41763 71995  8 11 72  9  0  0 2026-09-08 15:07:07
 0  1      0 12915276 577276 928960    0    0     0 19268 42356 73377  9 11 71  9  0  0 2026-09-08 15:07:08
 6  0      0 12913044 578440 930116    0    0     0 18812 41597 71841 10 12 69  9  0  0 2026-09-08 15:07:09
 7  1      0 12909900 579580 932392    0    0     0 19664 42890 74085 11 12 68  9  0  0 2026-09-08 15:07:10
 1  1      0 12906108 580664 934868    0    0     0 19816 41889 72086 10 13 68  9  0  0 2026-09-08 15:07:11
 8  0      0 12903828 581744 936176    0    0     0 18712 41592 71673  8 11 71  9  0  0 2026-09-08 15:07:12
 0  1      0 12900188 583136 938552    0    0     0 20448 42320 73281  9 11 71  9  0  0 2026-09-08 15:07:13
 5  2      0 12896188 584556 939772    0    0     0 19052 41828 72308 10 10 71  9  0  0 2026-09-08 15:07:14
 4  2      0 12894164 586044 941008    0    0     0 19300 41062 70914  9 10 71  9  0  0 2026-09-08 15:07:15
procs -----------memory---------- ---swap-- -----io---- -system-- -------cpu------- -----timestamp-----
 r  b   swpd   free   buff  cache   si   so    bi    bo   in   cs us sy id wa st gu                 CST
 0  2      0 12891156 587544 943464    0    0     0 20312 41439 71505  8 11 72  9  0  0 2026-09-08 15:07:16
 4  1      0 12886244 589028 945844    0    0     0 20020 41530 71676  9 11 71 10  0  0 2026-09-08 15:07:17
 2  1      0 12879204 590472 951444    0    0     0 23144 42144 72655  9 12 70  9  0  0 2026-09-08 15:07:18
 3  1      0 12876432 591892 952656    0    0     0 18976 41155 71008  9 10 72  9  0  0 2026-09-08 15:07:19
 5  1      0 12872664 593316 954068    0    0     0 19288 42206 72902 10 12 69  9  0  0 2026-09-08 15:07:20
 0  2      0 12868660 594648 956372    0    0     0 20040 41956 72406 10 11 69  9  0  0 2026-09-08 15:07:21
 1  2      0 12867068 596052 957740    0    0     0 19104 41656 71862 10 11 70  9  0  0 2026-09-08 15:07:22
 1  1      0 12861552 597552 960088    0    0     0 19668 38770 67068 11 11 70  9  0  0 2026-09-08 15:07:23
 0  1      0 12858796 598992 961392    0    0     0 19336 42514 73755  9 11 70  9  0  0 2026-09-08 15:07:24
 2  1      0 12855004 600516 963616    0    0     0 20176 41358 71067 11 11 69  9  0  0 2026-09-08 15:07:25
 0  1      0 12851240 601988 965100    0    0     0 19020 41731 71907 10 11 69  9  0  0 2026-09-08 15:07:26
 4  1      0 12846976 603456 967376    0    0     0 20188 42154 72330 11 11 69  9  0  0 2026-09-08 15:07:27
 1  2      0 12844456 604796 968568    0    0     0 18256 41163 70855 12 12 67  9  0  0 2026-09-08 15:07:28
 1  2      0 12837628 606152 974224    0    0     0 23580 42457 73207  9 11 70  9  0  0 2026-09-08 15:07:29
 6  1      0 12834876 607300 975484    0    0     0 18952 42316 72820 11 11 68  9  0  0 2026-09-08 15:07:30
 6  1      0 12831976 608688 976736    0    0     0 18872 41517 71440 11 12 68  9  0  0 2026-09-08 15:07:31
 3  1      0 12824380 610172 981996    0    0     0 23072 42233 72483 12 12 67  9  0  0 2026-09-08 15:07:32
 5  1      0 12821620 611756 983560    0    0     0 19396 44670 77196 12 13 66  9  0  0 2026-09-08 15:07:33
 1  2      0 12816308 613228 987036    0    0     0 21480 43116 74505 11 12 68  9  0  0 2026-09-08 15:07:34
 2  1      0 12813548 614712 988092    0    0     0 19392 41604 71680 11 11 69  9  0  0 2026-09-08 15:07:35
 2  1      0 12809792 616168 989532    0    0     0 19192 42725 73984 12 12 67  9  0  0 2026-09-08 15:07:36
procs -----------memory---------- ---swap-- -----io---- -system-- -------cpu------- -----timestamp-----
 r  b   swpd   free   buff  cache   si   so    bi    bo   in   cs us sy id wa st gu                 CST
 3  1      0 12807516 617772 990856    0    0     0 18940 42399 73483 11 12 68  9  0  0 2026-09-08 15:07:37
 5  1      0 12804504 619356 992236    0    0     0 19356 41744 71990 12 11 68  9  0  0 2026-09-08 15:07:38
 6  1      0 12801004 620876 993480    0    0     0 19988 42735 73914 13 12 66  9  0  0 2026-09-08 15:07:39
 3  2      0 12797484 622428 994716    0    0     0 20180 43363 75063 12 12 67 10  0  0 2026-09-08 15:07:40
 5  1      0 12789604 623892 1001252    0    0     0 24544 42912 74004 13 12 65  9  0  0 2026-09-08 15:07:41
 3  0      0 12786396 625156 1002420    0    0     0 18216 41508 71667 16 13 62  9  0  0 2026-09-08 15:07:42
 3  1      0 12782956 626668 1003660    0    0     0 19504 44074 76198 12 12 68  9  0  0 2026-09-08 15:07:43
 1  1      0 12772380 628220 1011900    0    0  6960 19336 41140 70663 13 11 67  9  0  0 2026-09-08 15:07:44
 7  1      0 12768972 629540 1013024    0    0     0 18164 40478 69838 13 12 66  9  0  0 2026-09-08 15:07:45
 6  1      0 12766348 630804 1014164    0    0    16 17236 40458 70453 17 14 60  9  0  0 2026-09-08 15:07:46
 1  1      0 12760904 632372 1016392    0    0     0 20144 42990 74271 15 11 65  9  0  0 2026-09-08 15:07:47
 3  1      0 12757968 633800 1017624    0    0     0 18972 41196 70935 12 12 67  9  0  0 2026-09-08 15:07:48
 5  0      0 12755100 635284 1018760    0    0     0 19596 44146 76754 13 11 67  9  0  0 2026-09-08 15:07:49
 1  1      0 12752872 636592 1020152    0    0     4 18984 42086 72797 13 11 67  9  0  0 2026-09-08 15:07:50
 6  0      0 12750096 638020 1022532    0    0     0 21080 43858 75777 12 12 67  9  0  0 2026-09-08 15:07:51
 5  1      0 12742676 639772 1027860    0    0     0 24136 43173 75001 11 11 68 10  0  0 2026-09-08 15:07:52
 3  2      0 12740360 641204 1029344    0    0     0 19620 41448 71515 11 11 69  9  0  0 2026-09-08 15:07:53
 1  1      0 12736372 642736 1030424    0    0     0 19828 42049 72302 11 12 68  9  0  0 2026-09-08 15:07:54
11  1      0 12724804 644424 1031908    0    0     0 20276 42540 73363 13 11 67  9  0  0 2026-09-08 15:07:55
 3  1      0 12722732 645980 1033088    0    0     0 19984 42748 73648 11 12 67  9  0  0 2026-09-08 15:07:56
 1  1      0 12719756 647596 1034572    0    0     0 19652 41530 71439 13 12 66  9  0  0 2026-09-08 15:07:57
procs -----------memory---------- ---swap-- -----io---- -system-- -------cpu------- -----timestamp-----
 r  b   swpd   free   buff  cache   si   so    bi    bo   in   cs us sy id wa st gu                 CST
 2  1      0 12712404 649092 1039772    0    0     0 24032 42072 72247 11 10 69 10  0  0 2026-09-08 15:07:58
 3  1      0 12705680 650748 1045584    0    0     0 23784 41333 70890 11 11 69  9  0  0 2026-09-08 15:07:59
 4  1      0 12702620 652328 1047840    0    0     0 20516 42040 72390 14 12 65  9  0  0 2026-09-08 15:08:00
 4  1      0 12699796 653972 1049104    0    0     0 20100 42609 73686 12 11 68 10  0  0 2026-09-08 15:08:01
 3  1      0 12695460 655672 1051424    0    0     0 21184 42907 73943 12 11 68  9  0  0 2026-09-08 15:08:02
 2  1      0 12691648 657388 1052604    0    0     0 19720 38724 67131 10 10 71  9  0  0 2026-09-08 15:08:03
 2  1      0 12688228 658932 1054932    0    0     0 20812 41514 71065 12 12 67  9  0  0 2026-09-08 15:08:04
 5  1      0 12684356 660520 1056252    0    0     0 20544 41971 72256 11 11 68  9  0  0 2026-09-08 15:08:05
 1  2      0 12681104 662168 1057596    0    0     0 20456 42402 72970 11 12 67  9  0  0 2026-09-08 15:08:06
 1  1      0 12676992 663948 1059868    0    0     0 21100 42053 72092 12 10 69  9  0  0 2026-09-08 15:08:07
 4  1      0 12673788 665520 1061352    0    0    16 20084 41565 71459 11 12 68  9  0  0 2026-09-08 15:08:08
 1  2      0 12670848 667180 1062584    0    0     0 20572 43568 75130 12 12 67  9  0  0 2026-09-08 15:08:09
 2  1      0 12660232 668804 1072112    0    0  8192 20852 43456 75414 12 12 66  9  0  0 2026-09-08 15:08:10
 1  1      0 12656252 670376 1073440    0    0     0 19952 42063 72546 12 12 67  9  0  0 2026-09-08 15:08:11
 3  2      0 12652536 671816 1074672    0    0     0 20452 42158 72952 13 10 68 10  0  0 2026-09-08 15:08:12
 2  1      0 12645668 673452 1081276    0    0     0 25832 42602 73163 11 12 68  9  0  0 2026-09-08 15:08:13
 2  1      0 12644400 674892 1082520    0    0     0 20064 42553 73370 13 12 66  9  0  0 2026-09-08 15:08:14
 1  2      0 12641784 676200 1083760    0    0     0 20724 42932 74029 12 11 67  9  0  0 2026-09-08 15:08:15
 6  1      0 12639144 677488 1085044    0    0     0 20572 42245 72834 11 12 68  9  0  0 2026-09-08 15:08:16
 4  1      0 12636152 679064 1086300    0    0     0 20268 41458 71144 12 11 67  9  0  0 2026-09-08 15:08:17
 5  1      0 12633972 680584 1087516    0    0     0 20136 41407 71211 12 12 68  9  0  0 2026-09-08 15:08:18
procs -----------memory---------- ---swap-- -----io---- -system-- -------cpu------- -----timestamp-----
 r  b   swpd   free   buff  cache   si   so    bi    bo   in   cs us sy id wa st gu                 CST
 4  1      0 12631268 682204 1088848    0    0     0 20676 42895 73882 12 12 67  9  0  0 2026-09-08 15:08:19
 2  2      0 12627644 683840 1090120    0    0     0 20464 43201 74825 14 10 66  9  0  0 2026-09-08 15:08:20
 3  1      0 12625412 685284 1091212    0    0     0 19628 41727 72380 14 11 66  9  0  0 2026-09-08 15:08:21
 3  1      0 12618736 686856 1096740    0    0     0 24232 42718 73735 13 12 66  9  0  0 2026-09-08 15:08:22
 1  1      0 12617028 688308 1097932    0    0     0 19488 42543 73556 15 12 65  9  0  0 2026-09-08 15:08:23
 5  0      0 12613656 689744 1099200    0    0     0 20432 43909 75923 14 11 65  9  0  0 2026-09-08 15:08:24
 4  1      0 12611116 691320 1100384    0    0     0 19968 43698 75583 15 12 64  9  0  0 2026-09-08 15:08:25
 4  0      0 12607196 692624 1102604    0    0     0 19724 40934 70438 17 13 60  9  0  0 2026-09-08 15:08:26
 1  2      0 12603640 694020 1104600    0    0     0 19692 41325 70996 16 14 61  9  0  0 2026-09-08 15:08:27
 3  1      0 12600300 695588 1105952    0    0     0 19552 42754 73660 15 12 64  9  0  0 2026-09-08 15:08:28
 2  2      0 12598620 697024 1106996    0    0     0 19576 43242 74225 16 13 62  9  0  0 2026-09-08 15:08:29
 4  1      0 12594880 698384 1108212    0    0     0 19356 42280 72952 15 13 62  9  0  0 2026-09-08 15:08:30
 3  1      0 12591724 699804 1110372    0    0     0 19504 41605 71910 15 12 64  9  0  0 2026-09-08 15:08:31
 1  2      0 12584772 701316 1115796    0    0     0 24200 42537 73390 13 12 66  9  0  0 2026-09-08 15:08:32
 0  1      0 12580232 702680 1116960    0    0     0 19512 42214 72827 14 12 64 10  0  0 2026-09-08 15:08:33
 1  1      0 12579064 704216 1118180    0    0     0 20696 42732 73489 12 12 66  9  0  0 2026-09-08 15:08:34
 0  1      0 12576004 705860 1119388    0    0     0 20252 41632 71646 13 10 68  9  0  0 2026-09-08 15:08:35
 2  1      0 12570788 707352 1120680    0    0     0 20536 41620 71430 13 12 66  9  0  0 2026-09-08 15:08:36
 7  1      0 12567096 708580 1121856    0    0     0 19856 42945 73614 14 13 65  9  0  0 2026-09-08 15:08:37
 4  1      0 12565488 710028 1123052    0    0     0 20068 43425 74892 13 11 66  9  0  0 2026-09-08 15:08:38
 5  1      0 12562588 711624 1125348    0    0     0 21756 42461 72990 13 11 67  9  0  0 2026-09-08 15:08:39
procs -----------memory---------- ---swap-- -----io---- -system-- -------cpu------- -----timestamp-----
 r  b   swpd   free   buff  cache   si   so    bi    bo   in   cs us sy id wa st gu                 CST
 1  1      0 12557984 713120 1126600    0    0     0 20476 41576 71430 12 12 66 10  0  0 2026-09-08 15:08:40
 0  1      0 12552504 714672 1128980    0    0     0 22344 44458 76824 14 11 66  9  0  0 2026-09-08 15:08:41
 2  2      0 12550260 716112 1130164    0    0     0 21560 42497 73189 13 13 65 10  0  0 2026-09-08 15:08:42
 1  2      0 12543396 717612 1136096    0    0     4 24992 42328 72866 13 13 65  9  0  0 2026-09-08 15:08:43
 5  0      0 12541828 719276 1136964    0    0     0 19968 42800 73713 12 12 66  9  0  0 2026-09-08 15:08:44
 0  1      0 12539584 720896 1137712    0    0     0 19884 42700 73979 12 12 67  9  0  0 2026-09-08 15:08:45
 2  1      0 12531940 722568 1139612    0    0    16 20276 42491 73184 13 12 65  9  0  0 2026-09-08 15:08:46
 3  2      0 12526228 724104 1144508    0    0     0 22684 40616 69705 11 12 68  9  0  0 2026-09-08 15:08:47
 0  1      0 12524180 725400 1145304    0    0     0 18524 41831 72375 12 11 68  9  0  0 2026-09-08 15:08:48
 1  1      0 12523440 726012 1146032    0    0     0 19168 40469 69562 10 11 70  9  0  0 2026-09-08 15:08:49
 1  1      0 12523312 726656 1146752    0    0     0 18476 40768 70168 11 11 69  9  0  0 2026-09-08 15:08:50
 5  1      0 12522728 727228 1147340    0    0     0 18852 37481 64816 11 10 70  9  0  0 2026-09-08 15:08:51
 2  1      0 12517348 727908 1153188    0    0  2896 23004 39848 68182 12 11 67 10  0  0 2026-09-08 15:08:52
 1  0      0 12608796 728480 1124060    0    0     0 18404 33008 56265 10  9 72  9  0  0 2026-09-08 15:08:53
 3  0      0 12507328 728752 1124228    0    0     0 11748 14967 23751 13  9 74  4  0  0 2026-09-08 15:08:54
 0  1      0 12549828 729068 1124340    0    0     0 11484 11699 17997  7  6 81  5  0  0 2026-09-08 15:08:55
 0  0      0 12549844 729312 1124488    0    0     0 10376 36616 67517  4  9 83  4  0  0 2026-09-08 15:08:56
 0  1      0 12569068 729648 1124652    0    0     0 10692 35917 65736  4  9 82  5  0  0 2026-09-08 15:08:57
 0  0      0 12573928 729904 1124808    0    0     0 10544 9435 14256  1  2 91  5  0  0 2026-09-08 15:08:58
 0  0      0 12578508 730208 1124948    0    0     0 10024 8475 12517  1  3 92  5  0  0 2026-09-08 15:08:59
 0  0      0 12582320 730472 1125088    0    0     0  9672 8235 12230  1  2 92  5  0  0 2026-09-08 15:09:00
procs -----------memory---------- ---swap-- -----io---- -system-- -------cpu------- -----timestamp-----
 r  b   swpd   free   buff  cache   si   so    bi    bo   in   cs us sy id wa st gu                 CST
 1  0      0 12587020 730724 1125232    0    0     0  9328 7948 11760  1  2 91  5  0  0 2026-09-08 15:09:01
 0  0      0 12590428 731008 1125376    0    0     0  8776 8363 12208  2  3 91  4  0  0 2026-09-08 15:09:02
 0  0      0 12593428 731224 1125516    0    0     0  7824 7882 11528  1  2 93  4  0  0 2026-09-08 15:09:03
 0  0      0 12595740 731404 1125656    0    0     0  7284 7886 11520  2  3 92  4  0  0 2026-09-08 15:09:04
 1  0      0 12597292 731576 1125796    0    0     0  6780 7584 11231  1  2 93  4  0  0 2026-09-08 15:09:05
 0  0      0 12599108 731792 1125936    0    0     0  6680 7806 11435  1  2 93  4  0  0 2026-09-08 15:09:06
 0  0      0 12601644 731992 1126036    0    0     0  6476 7598 11092  1  2 93  3  0  0 2026-09-08 15:09:07
 0  0      0 12603360 732144 1126212    0    0     0  6148 7528 10987  1  2 94  3  0  0 2026-09-08 15:09:08
 0  0      0 12604464 732284 1126352    0    0     0  5904 7599 11128  1  3 92  4  0  0 2026-09-08 15:09:09
 0  0      0 12605448 732488 1126496    0    0     0  5568 7272 10629  1  2 93  3  0  0 2026-09-08 15:09:10
 0  0      0 12606180 732672 1126592    0    0     0  5656 7367 10916  1  3 93  4  0  0 2026-09-08 15:09:11
 0  0      0 12606372 732912 1126764    0    0     0  5464 7115 10426  1  2 93  3  0  0 2026-09-08 15:09:12
 0  0      0 12606456 733088 1126908    0    0     0  5372 6781 10149  1  2 93  3  0  0 2026-09-08 15:09:13
 0  0      0 12606448 733264 1127052    0    0     0  5992 7037 10487  1  2 94  3  0  0 2026-09-08 15:09:14
 0  0      0 12606448 733448 1127164    0    0     0  5612 6856 10145  1  2 94  3  0  0 2026-09-08 15:09:15
 0  0      0 12606196 733640 1127304    0    0     0  5636 7369 10756  1  3 93  3  0  0 2026-09-08 15:09:16
 0  0      0 12606188 733804 1127472    0    0     0  5556 6997 10403  1  2 94  3  0  0 2026-09-08 15:09:17
 2  0      0 12606168 734052 1127612    0    0     0  5468 6972 10383  1  2 93  3  0  0 2026-09-08 15:09:18
 0  0      0 12605944 734176 1127756    0    0     0  6196 7237 10817  1  2 93  3  0  0 2026-09-08 15:09:19
 0  0      0 12605872 734308 1127860    0    0     0  5652 6924 10106  1  1 95  3  0  0 2026-09-08 15:09:20
 0  0      0 12605456 734540 1128032    0    0     0  5424 6717 10070  1  2 95  3  0  0 2026-09-08 15:09:21
procs -----------memory---------- ---swap-- -----io---- -system-- -------cpu------- -----timestamp-----
 r  b   swpd   free   buff  cache   si   so    bi    bo   in   cs us sy id wa st gu                 CST
 0  0      0 12604700 734692 1128176    0    0     0  5680 6752 10097  1  2 94  3  0  0 2026-09-08 15:09:22
 0  0      0 12604948 734840 1128264    0    0     0  5476 6761 10083  1  2 94  3  0  0 2026-09-08 15:09:23
 0  0      0 12604692 735004 1128380    0    0     0  5532 6865 10425  1  2 94  3  0  0 2026-09-08 15:09:24
 0  0      0 12604440 735208 1128596    0    0     0  6196 6756 10099  1  2 94  3  0  0 2026-09-08 15:09:25
 0  0      0 12604188 735412 1128736    0    0     0  5628 6499 9747  1  2 95  2  0  0 2026-09-08 15:09:26
 0  0      0 12603896 735564 1128876    0    0     0  5560 7014 10287  2  3 93  3  0  0 2026-09-08 15:09:27
 1  0      0 12830408 735796 868812    0    0   492  6248 15278 23597  6  7 83  4  0  0 2026-09-08 15:09:28
 0  0      0 12750296 735948 868880    0    0     4  4224 7987 11551 12  5 81  2  0  0 2026-09-08 15:09:29
 4  0      0 12786364 736020 868876    0    0     0  3404 9723 14870 10  6 82  1  0  0 2026-09-08 15:09:30
 1  0      0 12846012 736064 868940    0    0     0  7520 8022 11825  7  5 86  2  0  0 2026-09-08 15:09:31
 2  0      0 12720636 736104 868940    0    0     0  3200 9525 14112 14  7 78  1  0  0 2026-09-08 15:09:32
 1  0      0 12824784 736140 861796    0    0     0   352 4223 5421  2  2 96  1  0  0 2026-09-08 15:09:33
 0  0      0 12829036 736192 861796    0    0     0   344 2927 3474  0  1 98  0  0  0 2026-09-08 15:09:34
 0  0      0 12830416 736232 861796    0    0     0   264 2850 3380  0  1 98  1  0  0 2026-09-08 15:09:35
 0  0      0 12838784 736268 861796    0    0     0   264 2793 3337  0  1 99  0  0  0 2026-09-08 15:09:36
 0  0      0 12846520 736304 861796    0    0     0   216 2519 2941  0  1 98  1  0  0 2026-09-08 15:09:37
 0  0      0 12853124 736328 861796    0    0     0   208 2488 2946  0  1 99  0  0  0 2026-09-08 15:09:38
 0  1      0 12858440 736348 861796    0    0     0   396 2746 3248  0  1 98  1  0  0 2026-09-08 15:09:39
 0  0      0 12865032 736368 861796    0    0     0   232 2487 2873  0  1 99  0  0  0 2026-09-08 15:09:40
 0  0      0 12871720 736408 861800    0    0     0   232 2544 2953  0  1 99  0  0  0 2026-09-08 15:09:41
 0  0      0 12877024 736432 861800    0    0     0   196 2461 2832  0  1 98  0  0  0 2026-09-08 15:09:42
procs -----------memory---------- ---swap-- -----io---- -system-- -------cpu------- -----timestamp-----
 r  b   swpd   free   buff  cache   si   so    bi    bo   in   cs us sy id wa st gu                 CST
 0  1      0 12881560 736452 861800    0    0     0   232 2596 3022  0  1 99  0  0  0 2026-09-08 15:09:43
 0  0      0 12884976 736460 861800    0    0     0   272 2528 3004  0  0 99  0  0  0 2026-09-08 15:09:44
 0  0      0 12888192 736492 861800    0    0     0   216 2483 2890  0  1 99  0  0  0 2026-09-08 15:09:45
 0  0      0 12890648 736532 861784    0    0     0   216 2505 2899  0  1 99  0  0  0 2026-09-08 15:09:46
 0  0      0 12894984 736544 861800    0    0     0   216 2469 2900  0  0 99  0  0  0 2026-09-08 15:09:47
 0  0      0 12898696 736544 861800    0    0     0   248 2687 3196  0  1 99  0  0  0 2026-09-08 15:09:48
 0  1      0 12901768 736560 861800    0    0     0   344 2773 3324  0  1 99  0  0  0 2026-09-08 15:09:49
 0  1      0 12904460 736600 861780    0    0     0   264 2708 3236  0  1 99  0  0  0 2026-09-08 15:09:50
 0  0      0 12906752 736648 861800    0    0     0   248 2807 3295  0  1 99  0  0  0 2026-09-08 15:09:51
 1  0      0 12908336 736660 861800    0    0     0   268 2670 3282  0  0 99  0  0  0 2026-09-08 15:09:52
 0  0      0 12909756 736664 861800    0    0     0  1700 2792 3334  0  1 99  0  0  0 2026-09-08 15:09:53
 0  0      0 12911488 736684 861780    0    0     0   344 2847 3443  0  1 99  0  0  0 2026-09-08 15:09:54
 2  0      0 12911764 736712 861800    0    0     0   264 2701 3273  0  1 99  0  0  0 2026-09-08 15:09:55
 0  0      0 12911764 736756 861800    0    0     0   280 2819 3396  0  0 99  0  0  0 2026-09-08 15:09:56
 0  0      0 12911764 736756 861800    0    0     0   272 2779 3304  0  0 99  0  0  0 2026-09-08 15:09:57
 0  0      0 12911764 736776 861788    0    0     0   360 2788 3334  0  1 99  0  0  0 2026-09-08 15:09:58
 0  0      0 12911756 736816 861792    0    0     0   344 2952 3505  0  1 99  0  0  0 2026-09-08 15:09:59
 0  0      0 12911756 736852 861800    0    0     0   264 2787 3319  0  1 99  0  0  0 2026-09-08 15:10:00
 0  0      0 12915380 736884 861792    0    0     0   264 2890 3378  0  2 97  0  0  0 2026-09-08 15:10:01
 0  0      0 12911756 736884 861808    0    0     0   264 3034 3590  0  1 98  1  0  0 2026-09-08 15:10:02
 0  0      0 12912156 736884 861808    0    0     0   276 2841 3444  0  1 99  0  0  0 2026-09-08 15:10:03
procs -----------memory---------- ---swap-- -----io---- -system-- -------cpu------- -----timestamp-----
 r  b   swpd   free   buff  cache   si   so    bi    bo   in   cs us sy id wa st gu                 CST
 0  0      0 12912156 736908 861800    0    0     0   336 2995 3555  0  1 99  1  0  0 2026-09-08 15:10:05
 1  0      0 12910644 736964 861796    0    0     0   268 2791 3428  0  1 99  0  0  0 2026-09-08 15:10:06
 0  1      0 12902600 737512 870520    0    0  1088 12116 12552 19452  1  3 89  7  0  0 2026-09-08 15:10:07
 2  0      0 12862288 737740 871020    0    0     0  6516 10614 16211  3  5 88  4  0  0 2026-09-08 15:10:08
 0  1      0 12770736 737864 871040    0    0     0  3840 9258 13598 15  7 76  2  0  0 2026-09-08 15:10:09
 1  0      0 12832028 737964 871088    0    0     0  3160 8950 13221  8  6 84  2  0  0 2026-09-08 15:10:10
 1  0      0 12879876 738128 871132    0    0     0  7984 7836 11090 10  5 82  3  0  0 2026-09-08 15:10:11
 0  1      0 12810492 738280 892720    0    0     4  1564 19473 29857  2  7 90  2  0  0 2026-09-08 15:10:12
 1  0      0 12810252 738868 892760    0    0     0  7728 13622 21769  1  4 88  7  0  0 2026-09-08 15:10:13
 0  1      0 12808012 739420 892920    0    0     0  8132 13530 21566  1  4 88  7  0  0 2026-09-08 15:10:14
 1  0      0 12807552 740008 893004    0    0     0  7708 12525 19829  1  3 88  7  0  0 2026-09-08 15:10:15
 0  0      0 12806764 740636 893180    0    0     0  8396 13185 21441  1  4 88  7  0  0 2026-09-08 15:10:16
 0  1      0 12804508 741260 893324    0    0     0  8228 13835 21937  1  4 88  7  0  0 2026-09-08 15:10:17
 0  1      0 12804256 742012 893476    0    0     0  8480 13645 21998  1  3 88  7  0  0 2026-09-08 15:10:18
 1  0      0 12803752 742572 893632    0    0     0  8136 13615 21918  1  4 88  7  0  0 2026-09-08 15:10:19
 1  1      0 12802240 743152 893784    0    0     0  7928 13297 21038  1  4 89  7  0  0 2026-09-08 15:10:20
 0  1      0 12800224 743564 893840    0    0     0  8052 13207 21559  1  4 88  7  0  0 2026-09-08 15:10:21
 0  1      0 12799844 744156 894016    0    0     0  7980 13800 21892  1  4 88  7  0  0 2026-09-08 15:10:22
 0  1      0 12799784 744808 894108    0    0     0  8208 13581 21931  1  4 88  7  0  0 2026-09-08 15:10:23
 0  1      0 12797348 745392 894232    0    0     0  8564 13512 21851  1  4 88  7  0  0 2026-09-08 15:10:24
 1  1      0 12798080 746088 894352    0    0     0  7952 13207 21224  1  4 88  7  0  0 2026-09-08 15:10:25
procs -----------memory---------- ---swap-- -----io---- -system-- -------cpu------- -----timestamp-----
 r  b   swpd   free   buff  cache   si   so    bi    bo   in   cs us sy id wa st gu                 CST
 0  1      0 12797900 746524 894480    0    0     0  8132 13186 21129  1  4 87  7  0  0 2026-09-08 15:10:26
 1  0      0 12796468 747176 894664    0    0     0  7636 16268 27228  2  5 87  6  0  0 2026-09-08 15:10:27
 1  0      0 12788440 747244 895016    0    0     0  2936 35592 66313  3  8 87  1  0  0 2026-09-08 15:10:28
 0  0      0 12782364 747400 895076    0    0     0  4152 26887 49068  3  6 88  3  0  0 2026-09-08 15:10:29
 1  0      0 12815404 747604 862720    0    0     0  8236 9696 14406  1  3 93  3  0  0 2026-09-08 15:10:30
 3  2      0 12761872 748236 880972    0    0     0 18252 38301 65859  8 10 75  8  0  0 2026-09-08 15:10:31
 0  1      0 12753600 748876 885892    0    0     0 19904 41535 71762  7 12 72  9  0  0 2026-09-08 15:10:32
 1  0      0 12686884 749532 936824    0    0     0 17024 40571 70059  8 11 72  9  0  0 2026-09-08 15:10:33
 1  2      0 12681616 750188 938668    0    0     0 16336 40605 70316  9 10 72  9  0  0 2026-09-08 15:10:34
 2  2      0 12679652 750852 940396    0    0     0 17276 41644 72094  8 12 71  9  0  0 2026-09-08 15:10:35
 0  1      0 12664692 751488 950536    0    0     0 24192 40350 69671  8 11 73  9  0  0 2026-09-08 15:10:36
 0  2      0 12663200 752144 952068    0    0     0 16124 39129 67794  7 11 73  9  0  0 2026-09-08 15:10:37
 2  2      0 12659932 752768 954716    0    0     0 17468 39917 68913  7 11 73  9  0  0 2026-09-08 15:10:38
 1  1      0 12649056 753460 964948    0    0     0 24804 40203 69401  7 11 73  9  0  0 2026-09-08 15:10:39
 6  0      0 12637292 753984 975908    0    0     4 26480 39972 68866  7 11 74  9  0  0 2026-09-08 15:10:40
 0  1      0 12636328 754456 977292    0    0     0 16176 39872 68411  8 11 72  8  0  0 2026-09-08 15:10:41
 4  1      0 12626804 755064 987116    0    0     0 24748 39895 69116  8 11 72  9  0  0 2026-09-08 15:10:42
 2  2      0 12624740 755636 988496    0    0     0 16564 39664 68417  8 11 73  9  0  0 2026-09-08 15:10:43
 0  1      0 12613936 756284 999592    0    0     0 25904 39343 67741  7 11 73  9  0  0 2026-09-08 15:10:44
 2  0      0 12606480 756904 1001920    0    0     0 17252 39909 68572  8 11 73  9  0  0 2026-09-08 15:10:45
 6  1      0 12601676 757556 1004320    0    0     0 17672 40958 70965  8 10 73  9  0  0 2026-09-08 15:10:46
procs -----------memory---------- ---swap-- -----io---- -system-- -------cpu------- -----timestamp-----
 r  b   swpd   free   buff  cache   si   so    bi    bo   in   cs us sy id wa st gu                 CST
 6  1      0 12597192 758204 1007780    0    0     0 18720 40446 69913  9 10 73  9  0  0 2026-09-08 15:10:47
 0  1      0 12593768 758916 1010152    0    0     0 17640 39810 68489  8  9 74  9  0  0 2026-09-08 15:10:48
 2  0      0 12587972 759748 1012576    0    0    16 17636 39696 68361  8 10 73  9  0  0 2026-09-08 15:10:49
 2  1      0 12584692 760488 1015976    0    0     0 18724 41082 71268  8 11 72  9  0  0 2026-09-08 15:10:50
 1  0      0 12582048 761276 1017336    0    0     0 16692 39599 68420  8 11 72  9  0  0 2026-09-08 15:10:51
 3  1      0 12578824 762052 1018588    0    0     0 16492 40182 69302 10 11 71  9  0  0 2026-09-08 15:10:52
 3  2      0 12576304 762804 1019940    0    0     0 17012 40925 70940  8 11 72  9  0  0 2026-09-08 15:10:53
 0  1      0 12575328 763608 1021276    0    0     4 16980 40444 70093  8 11 72  9  0  0 2026-09-08 15:10:54
 3  1      0 12570268 764380 1024604    0    0     0 19080 40748 70289 10 11 71  9  0  0 2026-09-08 15:10:55
 1  1      0 12566760 765032 1025900    0    0     0 16404 40756 70551  9 11 71  9  0  0 2026-09-08 15:10:56
 6  1      0 12560920 765704 1030288    0    0     0 19104 41009 71144 11 12 69  8  0  0 2026-09-08 15:10:57
 0  1      0 12559160 766356 1031568    0    0     0 16028 39297 67690 10 11 71  9  0  0 2026-09-08 15:10:58
 7  1      0 12555888 767052 1032792    0    0     0 16392 41025 70870  9 11 71  9  0  0 2026-09-08 15:10:59
 7  1      0 12552344 767756 1035048    0    0     0 17464 39811 68856  9 10 72  9  0  0 2026-09-08 15:11:00
 1  1      0 12549336 768584 1036380    0    0     0 17732 42500 74058  9 11 71  9  0  0 2026-09-08 15:11:01
 5  1      0 12546064 769432 1037756    0    0     0 17460 40288 69468  9 11 72  9  0  0 2026-09-08 15:11:02
 1  2      0 12541496 770212 1041204    0    0     0 19204 39237 67312  9 11 72  9  0  0 2026-09-08 15:11:03
 0  1      0 12535500 771024 1042484    0    0     0 17132 42187 73213 10 11 70  9  0  0 2026-09-08 15:11:04
 5  1      0 12532048 771768 1043808    0    0    16 16436 37654 64845  8 10 72  9  0  0 2026-09-08 15:11:05
 0  1      0 12527020 772504 1046092    0    0     0 17328 41392 71896 10 12 70  9  0  0 2026-09-08 15:11:06
 2  0      0 12523760 773416 1047352    0    0     0 16720 41144 71181 10 11 70  9  0  0 2026-09-08 15:11:07
procs -----------memory---------- ---swap-- -----io---- -system-- -------cpu------- -----timestamp-----
 r  b   swpd   free   buff  cache   si   so    bi    bo   in   cs us sy id wa st gu                 CST
 5  1      0 12515396 774348 1052844    0    0     0 21600 40664 70430 10 11 70  9  0  0 2026-09-08 15:11:08
 2  1      0 12512372 775244 1054156    0    0     0 17888 41616 71840  9 12 70  9  0  0 2026-09-08 15:11:09
 0  1      0 12508580 776200 1056444    0    0     0 18840 40016 69380  9  9 73  9  0  0 2026-09-08 15:11:10
 1  1      0 12504056 777040 1057732    0    0     0 16904 40303 69899  9 10 71  9  0  0 2026-09-08 15:11:11
 3  2      0 12501044 777848 1058996    0    0     0 16976 40356 69912 11 11 69  9  0  0 2026-09-08 15:11:12
 1  1      0 12498044 778716 1060092    0    0     0 17348 42552 73776 11 11 70  9  0  0 2026-09-08 15:11:13
 1  2      0 12492512 779552 1062588    0    0     0 18656 41671 72358  9 12 70  9  0  0 2026-09-08 15:11:14
 0  1      0 12488656 780428 1063884    0    0     0 17836 42323 73442 10 11 70  9  0  0 2026-09-08 15:11:15
 0  2      0 12483392 781188 1066264    0    0     0 18168 40446 70007  9 11 71  9  0  0 2026-09-08 15:11:16
 1  1      0 12478352 782124 1067544    0    0     0 17292 41633 72276 10 10 71  9  0  0 2026-09-08 15:11:17
 2  1      0 12475316 782920 1069924    0    0     0 18740 41111 71094  9 12 70  9  0  0 2026-09-08 15:11:18
 0  1      0 12477584 783828 1071208    0    0    16 17912 41919 72818 10 11 70  9  0  0 2026-09-08 15:11:19
 3  1      0 12559936 784816 1075712    0    0     0 20980 41298 71643  9 10 71  9  0  0 2026-09-08 15:11:20
 2  0      0 12554640 785864 1079132    0    0     0 20164 42112 72963 10 10 70  9  0  0 2026-09-08 15:11:21
 3  1      0 12552612 786888 1081452    0    0     0 18664 40753 70558  9 11 71  9  0  0 2026-09-08 15:11:22
 0  1      0 12550952 787880 1082708    0    0     0 17956 42026 72865 11 10 70  9  0  0 2026-09-08 15:11:23
 0  1      0 12546768 788900 1084060    0    0     0 17876 42333 73267 10 11 71  9  0  0 2026-09-08 15:11:24
 0  1      0 12542420 789844 1087424    0    0     0 19352 40397 69564  9 12 70  9  0  0 2026-09-08 15:11:25
 1  1      0 12541212 790704 1088588    0    0     0 17500 42260 73299 11 12 68  9  0  0 2026-09-08 15:11:26
 4  1      0 12539796 791592 1089876    0    0     0 16900 40337 69252 11 12 67  9  0  0 2026-09-08 15:11:27
 1  2      0 12537800 792604 1091188    0    0     0 17780 42508 73387 10 11 70  9  0  0 2026-09-08 15:11:28
procs -----------memory---------- ---swap-- -----io---- -system-- -------cpu------- -----timestamp-----
 r  b   swpd   free   buff  cache   si   so    bi    bo   in   cs us sy id wa st gu                 CST
 1  1      0 12534000 793580 1094548    0    0     0 19712 41904 72543 10 12 69  9  0  0 2026-09-08 15:11:29
 3  1      0 12523060 794704 1104508    0    0    16 26792 42362 73251 11 11 69  9  0  0 2026-09-08 15:11:30
 5  1      0 12519324 795720 1106828    0    0     0 19232 42000 72673 10 12 69  9  0  0 2026-09-08 15:11:31
 2  1      0 12518320 796788 1108164    0    0     0 17748 41618 71819 10 11 70  9  0  0 2026-09-08 15:11:32
 1  2      0 12514768 797576 1110288    0    0     0 17564 39499 67983 10 12 69  9  0  0 2026-09-08 15:11:33
 5  0      0 12512520 798272 1111364    0    0     0 15056 37213 64609 13 14 62 10  0  0 2026-09-08 15:11:34
 6  1      0 12508676 799300 1112640    0    0     0 17520 42010 72600 10 12 69  9  0  0 2026-09-08 15:11:35
 0  1      0 12506328 800164 1113864    0    0     0 17252 42285 73144 12 12 68  9  0  0 2026-09-08 15:11:36
 2  1      0 12495796 801084 1123240    0    0  8192 16884 40875 70295 12 12 68  9  0  0 2026-09-08 15:11:37
 2  1      0 12492080 801860 1124380    0    0     0 16156 38376 66296 11 11 68 10  0  0 2026-09-08 15:11:38
 5  1      0 12489520 802644 1126524    0    0     0 18468 41387 71262 12 12 67  8  0  0 2026-09-08 15:11:39
 3  1      0 12487852 803524 1127768    0    0     0 18208 41644 71794 11 12 68  9  0  0 2026-09-08 15:11:40
 2  0      0 12484696 804400 1130088    0    0     0 18976 41549 71771 10 12 69  9  0  0 2026-09-08 15:11:41
 4  1      0 12481656 805268 1132288    0    0     0 17696 39091 67193 11 12 68  9  0  0 2026-09-08 15:11:42
 1  1      0 12478936 805964 1134344    0    0     0 16792 38053 65531 15 15 61  9  0  0 2026-09-08 15:11:43
 0  1      0 12476272 806792 1136448    0    0     0 17656 40326 69425 14 12 65  9  0  0 2026-09-08 15:11:44
 1  1      0 12473004 807652 1137344    0    0     0 16544 39770 68383 13 11 67  9  0  0 2026-09-08 15:11:45
 1  2      0 12470516 808408 1138780    0    0     0 16960 40104 68748 14 11 67  9  0  0 2026-09-08 15:11:46
 0  1      0 12467688 809052 1140744    0    0     0 14852 32713 56123 14 14 63  9  0  0 2026-09-08 15:11:47
 3  1      0 12466388 809976 1141772    0    0     0 16168 40498 70180 14 13 65  9  0  0 2026-09-08 15:11:48
 2  1      0 12461828 810932 1144984    0    0     0 18492 37212 64755 13 11 67  9  0  0 2026-09-08 15:11:49
procs -----------memory---------- ---swap-- -----io---- -system-- -------cpu------- -----timestamp-----
 r  b   swpd   free   buff  cache   si   so    bi    bo   in   cs us sy id wa st gu                 CST
 0  1      0 12459568 811888 1146032    0    0     0 17184 41437 71535 12 12 68  9  0  0 2026-09-08 15:11:50
 3  1      0 12456888 812768 1148384    0    0     0 18084 40796 70172 12 13 67  9  0  0 2026-09-08 15:11:51
 5  1      0 12454944 813632 1149524    0    0     0 16884 40469 69757 12 12 67  9  0  0 2026-09-08 15:11:52
 6  1      0 12452520 814484 1150612    0    0     0 16420 39732 68260 14 13 65  9  0  0 2026-09-08 15:11:53
 6  1      0 12448440 815456 1152740    0    0     0 18156 41005 70357 13 13 66  9  0  0 2026-09-08 15:11:54
 3  1      0 12445608 816464 1154904    0    0     0 18168 39715 67950 12 11 67  9  0  0 2026-09-08 15:11:55
 1  1      0 12443404 817292 1155932    0    0     0 16200 37688 64735 14 13 65  9  0  0 2026-09-08 15:11:56
 7  1      0 12439344 817748 1157752    0    0     0 12844 28163 48796 14 13 64  9  0  0 2026-09-08 15:11:57
 4  1      0 12437508 818272 1158664    0    0     0 13044 33470 59224 17 15 59  9  0  0 2026-09-08 15:11:58
 6  1      0 12432836 818768 1161704    0    0     0 15160 31685 54670 17 16 59  8  0  0 2026-09-08 15:11:59
 7  0      0 12427968 819144 1165460    0    0     0 15096 29332 50471 15 14 62  9  0  0 2026-09-08 15:12:00
 5  1      0 12422292 819648 1168532    0    0     0 15204 33611 58400 18 16 58  8  0  0 2026-09-08 15:12:01
 8  1      0 12418456 820464 1170660    0    0    16 16380 38880 67027 15 13 63  9  0  0 2026-09-08 15:12:02
 8  1      0 12417984 821268 1171712    0    0     0 16164 39301 67279 15 12 65  8  0  0 2026-09-08 15:12:03
 4  1      0 12417864 821932 1172684    0    0     4 13892 35922 61650 15 13 63  9  0  0 2026-09-08 15:12:04
 3  2      0 12417196 822308 1173376    0    0     0 11856 28602 48677 16 13 61 11  0  0 2026-09-08 15:12:05
 1  2      0 12415824 822460 1173928    0    0     0  6144 21038 35766 12  9 70 10  0  0 2026-09-08 15:12:06
 8  1      0 12413848 822776 1174612    0    0     0 10588 26060 46341 15 13 63 10  0  0 2026-09-08 15:12:07
 1  1      0 12411856 823204 1176336    0    0     0 14040 28206 50986 17 14 60  9  0  0 2026-09-08 15:12:08
 6  1      0 12409068 823560 1178236    0    0     0  9312 25583 45411 16 11 64  9  0  0 2026-09-08 15:12:09
 1  1      0 12405380 823904 1180992    0    0     0 12220 28590 50068 15 14 61 10  0  0 2026-09-08 15:12:10
procs -----------memory---------- ---swap-- -----io---- -system-- -------cpu------- -----timestamp-----
 r  b   swpd   free   buff  cache   si   so    bi    bo   in   cs us sy id wa st gu                 CST
11  2      0 12401808 824364 1185204    0    0     0 16208 32875 60518 18 16 57  9  0  0 2026-09-08 15:12:11
 3  1      0 12402032 824696 1185700    0    0     0  8968 22479 38995 14 12 63 10  0  0 2026-09-08 15:12:12
 2  1      0 12399172 825020 1186476    0    0     0 10896 27505 48930 16 11 63 10  0  0 2026-09-08 15:12:13
 0  1      0 12396340 825284 1188096    0    0     0 10424 22708 39534 13 11 66 10  0  0 2026-09-08 15:12:14
19  2      0 12393844 825680 1189004    0    0     0 13224 30564 55364 16 13 61 10  0  0 2026-09-08 15:12:15
 4  2      0 12392328 826032 1189692    0    0     0 10144 28116 50155 15 13 63  9  0  0 2026-09-08 15:12:16
 0  1      0 12390552 826308 1191352    0    0     0 11372 28023 48858 17 15 59  9  0  0 2026-09-08 15:12:17
 1  2      0 12390668 826532 1191240    0    0     0  8956 20464 36428 10  7 72 12  0  0 2026-09-08 15:12:18
 1  2      0 12390756 827024 1192700    0    0     0 15536 41197 72367 14 14 63  9  0  0 2026-09-08 15:12:19
 0  2      0 12390220 828064 1193412    0    0     0 17552 39750 68597  9 11 71  9  0  0 2026-09-08 15:12:20
 0  1      0 12388496 828996 1194048    0    0     0 15404 38546 66580 10 12 69  9  0  0 2026-09-08 15:12:21
 1  1      0 12387400 830104 1194804    0    0     0 16208 39671 68870  9 10 71  9  0  0 2026-09-08 15:12:22
 2  1      0 12384240 830832 1196364    0    0     0 16076 37024 63921 11 11 68 10  0  0 2026-09-08 15:12:23
 5  2      0 12381476 831720 1198196    0    0     0 18012 40106 69346 10 11 70  9  0  0 2026-09-08 15:12:24
 4  1      0 12376672 832708 1201048    0    0     0 18776 39507 68157 10 12 69  9  0  0 2026-09-08 15:12:25
 2  1      0 12373748 833652 1202768    0    0     0 17788 40827 71085  8 11 71  9  0  0 2026-09-08 15:12:26
 0  1      0 12371984 834652 1203484    0    0     0 16428 39282 68115  9 11 72  9  0  0 2026-09-08 15:12:27
 2  2      0 12368768 835724 1204116    0    0     0 16252 39259 67711 10 11 70  9  0  0 2026-09-08 15:12:28
 0  2      0 12365928 836692 1204848    0    0    16 15996 38483 66661  9 10 70 11  0  0 2026-09-08 15:12:29
 1  1      0 12364176 837776 1205556    0    0     0 17020 38037 65592  9 10 72  9  0  0 2026-09-08 15:12:30
 5  2      0 12390488 838220 1175820    0    0     0  9288 14397 22765 12  8 75  5  0  0 2026-09-08 15:12:31
procs -----------memory---------- ---swap-- -----io---- -system-- -------cpu------- -----timestamp-----
 r  b   swpd   free   buff  cache   si   so    bi    bo   in   cs us sy id wa st gu                 CST
 1  1      0 12329916 838656 1175976    0    0     0  9772 12210 18373 14  7 74  4  0  0 2026-09-08 15:12:32
 1  0      0 12616308 839136 1008668    0    0    64  9164 11231 16754  5  5 85  5  0  0 2026-09-08 15:12:33
 3  0      0 12574628 839308 1008748    0    0     0  5724 9597 13820 13  6 79  2  0  0 2026-09-08 15:12:34
 2  0      0 12507380 839460 1008748    0    0     0  5532 6423 8320 14  5 79  2  0  0 2026-09-08 15:12:35
 1  0      0 12580612 839716 1008800    0    0     0  7760 7918 11682  5  6 87  2  0  0 2026-09-08 15:12:36
 1  0      0 12521432 839876 1008800    0    0     0  5968 8887 13229 15  5 77  2  0  0 2026-09-08 15:12:37
 4  0      0 12623752 839924 1008824    0    0     0   660 6033 8196  5  6 89  1  0  0 2026-09-08 15:12:38
 1  0      0 12562884 839964 1008860    0    0     0   328 7511 10619 16  5 78  0  0  0 2026-09-08 15:12:39
 0  1      0 12497364 840000 1008860    0    0     0   340 5886 7895 13  4 81  2  0  0 2026-09-08 15:12:40
 0  1      0 12625896 840044 1001860    0    0     0   336 3784 4507  0  1 98  1  0  0 2026-09-08 15:12:41
 0  0      0 12625896 840116 1001860    0    0     0   408 4231 5235  0  1 98  1  0  0 2026-09-08 15:12:42
 0  0      0 12626656 840152 1001860    0    0     0   272 2740 3403  0  1 99  0  0  0 2026-09-08 15:12:43
 0  0      0 12629788 840204 1001852    0    0     0   344 2807 3497  0  1 99  1  0  0 2026-09-08 15:12:44
 0  0      0 12633508 840240 1001860    0    0     0   236 2485 3027  0  0 97  3  0  0 2026-09-08 15:12:45
 0  0      0 12636812 840300 1001844    0    0     0   264 2672 3275  0  0 99  1  0  0 2026-09-08 15:12:46
 1  0      0 12639820 840352 1001860    0    0     0   292 2738 3361  0  0 99  1  0  0 2026-09-08 15:12:47
 0  0      0 12643564 840384 1001852    0    0     0   264 2812 3418  0  1 98  1  0  0 2026-09-08 15:12:48
 0  0      0 12645260 840444 1001860    0    0     0   344 2724 3448  0  1 99  1  0  0 2026-09-08 15:12:49
 0  0      0 12648548 840496 1001852    0    0     0   272 2718 3280  0  0 99  1  0  0 2026-09-08 15:12:50
 2  0      0 12652308 840528 1001860    0    0     0   264 2692 3308  0  1 99  1  0  0 2026-09-08 15:12:51
 1  0      0 12655960 840572 1001852    0    0     0   264 2740 3394  0  1 99  0  0  0 2026-09-08 15:12:52
procs -----------memory---------- ---swap-- -----io---- -system-- -------cpu------- -----timestamp-----
 r  b   swpd   free   buff  cache   si   so    bi    bo   in   cs us sy id wa st gu                 CST
 0  0      0 12658992 840628 1001860    0    0     0  1480 2695 3330  0  1 99  0  0  0 2026-09-08 15:12:53
 0  0      0 12660908 840680 1001864    0    0     0   352 2862 3510  0  1 99  0  0  0 2026-09-08 15:12:54
 0  0      0 12661876 840716 1001852    0    0     0   264 2681 3273  0  1 99  0  0  0 2026-09-08 15:12:55
 0  0      0 12662964 840772 1001864    0    0     0   264 2719 3299  0  0 99  0  0  0 2026-09-08 15:12:56
 0  0      0 12663916 840804 1001864    0    0     0   520 2693 3275  0  1 99  0  0  0 2026-09-08 15:12:57
 0  0      0 12664748 840852 1001864    0    0     0   264 2692 3286  0  0 99  0  0  0 2026-09-08 15:12:58
 0  0      0 12665980 840904 1001852    0    0     0   320 2730 3454  0  1 99  0  0  0 2026-09-08 15:12:59
 0  0      0 12666616 840960 1001864    0    0     0   248 2549 3225  0  0 99  0  0  0 2026-09-08 15:13:00
 0  0      0 12669916 841020 1001852    0    0     0   232 2447 3033  0  2 97  1  0  0 2026-09-08 15:13:01
 0  0      0 12669964 841060 1001864    0    0     0   268 2562 3151  0  1 99  0  0  0 2026-09-08 15:13:02
 0  0      0 12669964 841104 1001852    0    0     0   216 2431 2970  0  0 99  0  0  0 2026-09-08 15:13:03
 0  0      0 12669712 841152 1001864    0    0     0   296 2496 3039  0  1 99  0  0  0 2026-09-08 15:13:04
 0  0      0 12671096 841184 1001864    0    0     0   216 2630 3120  0  1 99  0  0  0 2026-09-08 15:13:05
 0  0      0 12670772 841240 1001864    0    0     0   220 2408 2902  0  0 99  1  0  0 2026-09-08 15:13:06
 0  0      0 12670772 841276 1001864    0    0     0   296 2420 2921  0  0 99  1  0  0 2026-09-08 15:13:07
 0  0      0 12670772 841324 1001852    0    0     0   216 2483 2922  0  0 99  0  0  0 2026-09-08 15:13:08
 0  1      0 12660056 841564 1008432    0    0    48  2964 6138 9032  1  1 96  2  0  0 2026-09-08 15:13:09
 0  1      0 12658396 842476 1010024    0    0   384 14872 11840 18311  1  4 87  8  0  0 2026-09-08 15:13:10
 4  0      0 12612572 842712 1010340    0    0     0  4336 9916 15035  5  6 87  2  0  0 2026-09-08 15:13:11
 2  0      0 12547656 842808 1010340    0    0     0  2876 6864 9720 14  5 76  4  0  0 2026-09-08 15:13:12
 1  0      0 12610568 842932 1010388    0    0     0  2992 7301 10086  6  6 86  2  0  0 2026-09-08 15:13:13
procs -----------memory---------- ---swap-- -----io---- -system-- -------cpu------- -----timestamp-----
 r  b   swpd   free   buff  cache   si   so    bi    bo   in   cs us sy id wa st gu                 CST
 2  0      0 12537560 843124 1010424    0    0     0  5868 9548 14151 16  6 76  2  0  0 2026-09-08 15:13:14
 0  0      0 12563092 843208 1031204    0    0     0   812 11408 17292  5  4 90  1  0  0 2026-09-08 15:13:15
 0  0      0 12566840 843656 1031840    0    0     0  2912 15434 24829  2  5 90  4  0  0 2026-09-08 15:13:16
 0  1      0 12565888 844476 1031904    0    0     0  7640 11996 18749  1  3 88  8  0  0 2026-09-08 15:13:17
 0  1      0 12565188 845432 1032108    0    0     0  8048 13644 21997  1  4 88  7  0  0 2026-09-08 15:13:18
 0  1      0 12563916 846280 1032172    0    0     0  8020 13222 21403  1  4 88  7  0  0 2026-09-08 15:13:19
 1  1      0 12562164 847168 1032364    0    0     0  7900 13343 21164  2  4 88  7  0  0 2026-09-08 15:13:20
 0  1      0 12561376 848156 1032512    0    0     0  8064 13948 21918  1  4 88  7  0  0 2026-09-08 15:13:21
 0  1      0 12558872 849188 1032768    0    0     0  8072 13783 21815  1  4 88  7  0  0 2026-09-08 15:13:22
 0  1      0 12558264 849980 1032912    0    0     0  7276 12614 20081  1  3 88  8  0  0 2026-09-08 15:13:23
 0  1      0 12558020 850956 1033024    0    0     0  7792 13543 21544  1  4 88  7  0  0 2026-09-08 15:13:24
 1  0      0 12557484 851852 1033156    0    0     0  7896 13438 21601  1  3 89  7  0  0 2026-09-08 15:13:25
 0  1      0 12554964 852600 1033196    0    0     0  7680 13650 21683  1  4 88  7  0  0 2026-09-08 15:13:26
 0  1      0 12552444 853428 1033124    0    0     0  7960 13645 21582  1  3 89  7  0  0 2026-09-08 15:13:27
 0  1      0 12551904 854112 1033460    0    0     0  8276 13583 21511  1  4 88  7  0  0 2026-09-08 15:13:28
 1  1      0 12551372 854892 1033564    0    0     0  7960 13187 21120  1  3 88  7  0  0 2026-09-08 15:13:29
 0  0      0 12549380 855904 1033740    0    0     0  8048 13621 21783  1  3 89  7  0  0 2026-09-08 15:13:30
 1  1      0 12548472 856756 1033892    0    0     0  7700 12935 20476  1  4 88  7  0  0 2026-09-08 15:13:31
 0  0      0 12545288 857016 1033992    0    0     0  3640 29963 55089  3  7 88  2  0  0 2026-09-08 15:13:32
 1  0      0 12540476 857132 1033996    0    0     0  2580 34601 64470  3  7 88  1  0  0 2026-09-08 15:13:33
 0  0      0 12539464 857444 1034192    0    0     0  4380 9009 14328  1  2 94  3  0  0 2026-09-08 15:13:34
procs -----------memory---------- ---swap-- -----io---- -system-- -------cpu------- -----timestamp-----
 r  b   swpd   free   buff  cache   si   so    bi    bo   in   cs us sy id wa st gu                 CST
 1  1      0 12514276 858016 1014608    0    0   148  7256 24643 41805  5  8 83  5  0  0 2026-09-08 15:13:35
 3  1      0 12497668 859052 1023408    0    0     0 23568 40283 69730  8 11 73  9  0  0 2026-09-08 15:13:36
 1  1      0 12451820 860088 1060068    0    0     0 19412 40426 69824  7 12 73  9  0  0 2026-09-08 15:13:37
 1  1      0 12401704 861100 1094672    0    0     0 17060 39465 68306  9 10 73  9  0  0 2026-09-08 15:13:38
 1  2      0 12397940 861948 1096464    0    0     0 16344 39139 67355  9 10 72  9  0  0 2026-09-08 15:13:39
 1  0      0 12385204 862928 1106588    0    0     0 24656 39951 69017  8 12 72  9  0  0 2026-09-08 15:13:40
 3  1      0 12382448 863888 1108128    0    0     0 15832 39234 67746  8 10 73  9  0  0 2026-09-08 15:13:41
 1  1      0 12377456 864812 1109688    0    0     0 15056 39548 68545  9 12 70  9  0  0 2026-09-08 15:13:42
 2  1      0 12375236 865672 1112260    0    0     0 16976 40096 69358  8 12 72  9  0  0 2026-09-08 15:13:43
 6  0      0 12356096 866040 1131872    0    0     0 34636 38560 66525  8 10 73  9  0  0 2026-09-08 15:13:44
 2  1      0 12356444 866396 1133100    0    0     0 14920 36423 62332  9 11 71  9  0  0 2026-09-08 15:13:45
 3  1      0 12355260 866772 1134392    0    0     0 16076 40583 70130  8 12 72  9  0  0 2026-09-08 15:13:46
 3  1      0 12343956 867172 1144360    0    0     0 24296 37968 65216  8 11 72  9  0  0 2026-09-08 15:13:47
 3  1      0 12343128 867500 1145648    0    0     0 15916 39584 68262  8 11 73  9  0  0 2026-09-08 15:13:48
 5  1      0 12342548 867844 1146908    0    0     0 16292 37482 64944  8 10 74  9  0  0 2026-09-08 15:13:49
 1  2      0 12329464 868188 1158884    0    0     0 26028 38638 66049 10 12 70  9  0  0 2026-09-08 15:13:50
 0  1      0 12306856 868500 1161144    0    0     0 17052 39005 67544 10 11 71  9  0  0 2026-09-08 15:13:51
 0  1      0 12302756 868836 1163448    0    0     0 17012 38750 66779  8 10 73  9  0  0 2026-09-08 15:13:52
 2  1      0 12299852 869212 1165728    0    0     0 16904 38895 67166  8 10 73  9  0  0 2026-09-08 15:13:53
 1  2      0 12298572 869512 1168000    0    0     0 17404 40024 69296  8 10 73  9  0  0 2026-09-08 15:13:55
 1  1      0 12295576 869800 1170340    0    0     0 17404 39370 68193  8 10 74  9  0  0 2026-09-08 15:13:56
procs -----------memory---------- ---swap-- -----io---- -system-- -------cpu------- -----timestamp-----
 r  b   swpd   free   buff  cache   si   so    bi    bo   in   cs us sy id wa st gu                 CST
 3  1      0 12292636 870068 1172644    0    0     0 17396 39587 68675  8  9 73  9  0  0 2026-09-08 15:13:57
10  1      0 12290868 870400 1173960    0    0     0 16036 38813 66878  8 10 73  9  0  0 2026-09-08 15:13:58
 4  1      0 12288288 870772 1177372    0    0     0 18808 38771 66829  8 11 72  9  0  0 2026-09-08 15:13:59
 0  1      0 12286340 871032 1179720    0    0     0 17732 38894 66923  8 11 72  9  0  0 2026-09-08 15:14:00
 0  1      0 12284168 871332 1180992    0    0     0 16520 39515 68139  8 11 72  9  0  0 2026-09-08 15:14:01
 3  1      0 12280660 871644 1183360    0    0     4 17724 40268 69720  8 11 72  9  0  0 2026-09-08 15:14:02
 2  2      0 12277884 871912 1184588    0    0     0 16520 39538 68426  8 11 71  9  0  0 2026-09-08 15:14:03
 4  1      0 12275980 872132 1185800    0    0     0 15916 39654 68544  9 11 71  9  0  0 2026-09-08 15:14:04
 0  1      0 12271248 872316 1188984    0    0     0 17692 38901 67181 10 11 71  9  0  0 2026-09-08 15:14:05
 1  1      0 12268908 872500 1190320    0    0     0 15556 39528 68189 10 11 70  9  0  0 2026-09-08 15:14:06
 3  1      0 12265568 872740 1191520    0    0     0 15752 39059 67446  9 12 70  9  0  0 2026-09-08 15:14:07
 1  1      0 12262300 872944 1193908    0    0     0 17276 39252 67721  8 10 73  9  0  0 2026-09-08 15:14:08
 0  1      0 12260128 873044 1195288    0    0     0  8632 18159 30582  5  5 75 14  0  0 2026-09-08 15:14:09
 0  1      0 12256824 873332 1196836    0    0     0 18084 44835 79494 10 11 69  9  0  0 2026-09-08 15:14:10
 2  1      0 12254172 873604 1198108    0    0     0 16352 38884 66846  8 11 72  9  0  0 2026-09-08 15:14:11
 0  2      0 12250492 873836 1200440    0    0     0 18524 40000 69108  8 10 73  9  0  0 2026-09-08 15:14:12
 0  1      0 12248040 874068 1201632    0    0     0 16608 39414 68093  9 11 71  9  0  0 2026-09-08 15:14:13
 0  1      0 12243896 874344 1203740    0    0     0 15768 32929 56216  7 10 73 10  0  0 2026-09-08 15:14:14
 4  1      0 12241008 874720 1205964    0    0     0 17812 40510 70486  9 12 70  9  0  0 2026-09-08 15:14:15
 4  1      0 12236520 875136 1208248    0    0     0 18188 38268 65902  8 11 72  9  0  0 2026-09-08 15:14:16
 1  1      0 12232264 875520 1210584    0    0     0 18724 39528 68143  9 11 71  9  0  0 2026-09-08 15:14:17
procs -----------memory---------- ---swap-- -----io---- -system-- -------cpu------- -----timestamp-----
 r  b   swpd   free   buff  cache   si   so    bi    bo   in   cs us sy id wa st gu                 CST
 2  1      0 12229020 875892 1212876    0    0     0 18316 38263 66236  8 10 73  9  0  0 2026-09-08 15:14:18
 1  1      0 12225972 876312 1214176    0    0     0 17764 39861 68810  9 11 72  9  0  0 2026-09-08 15:14:19
 1  1      0 12222244 876612 1216476    0    0     0 17916 36750 63379  8  9 71 11  0  0 2026-09-08 15:14:20
 1  1      0 12217856 877000 1217548    0    0     0 17496 39492 68167  9 11 71  9  0  0 2026-09-08 15:14:21
 4  1      0 12213508 877496 1219956    0    0     0 17864 38139 65903  9  9 73  9  0  0 2026-09-08 15:14:22
 2  1      0 12210996 877792 1221144    0    0     0 14712 36914 63787 11 12 69  9  0  0 2026-09-08 15:14:23
 4  1      0 12208524 878096 1223404    0    0     0 17416 40231 69315 11 12 69  8  0  0 2026-09-08 15:14:24
 2  1      0 12206616 878352 1226484    0    0     0 16832 37084 63577 10 12 69  9  0  0 2026-09-08 15:14:25
 1  1      0 12291492 878632 1228656    0    0     0 15656 36993 63597 12 13 66  8  0  0 2026-09-08 15:14:26
 2  2      0 12289720 879000 1229820    0    0     0 16280 39119 67565  9 13 69  9  0  0 2026-09-08 15:14:27
 6  1      0 12289000 879304 1231068    0    0     0 17300 39690 68616  8 10 73  9  0  0 2026-09-08 15:14:28
 3  1      0 12289160 879644 1232376    0    0     0 17416 39345 67911  9  9 73  9  0  0 2026-09-08 15:14:29
 2  1      0 12288484 880004 1233620    0    0     0 17888 39727 68786  8 11 72  9  0  0 2026-09-08 15:14:30
 6  1      0 12284728 880368 1235936    0    0     0 17720 39133 67412 10 11 70  9  0  0 2026-09-08 15:14:31
 1  1      0 12282824 880656 1237088    0    0     0 16756 39019 67306  9 10 71  9  0  0 2026-09-08 15:14:32
 2  1      0 12278580 881028 1241460    0    0     0 20144 38627 66224 10 11 71  9  0  0 2026-09-08 15:14:33
 2  1      0 12276164 881388 1243660    0    0     0 17124 36961 63953  9 10 72  9  0  0 2026-09-08 15:14:34
 2  1      0 12273656 881836 1245900    0    0     0 18628 39508 68091  8 11 72  9  0  0 2026-09-08 15:14:35
 1  1      0 12270156 882308 1247120    0    0     0 17088 36737 63214  8 10 73  9  0  0 2026-09-08 15:14:36
 2  2      0 12266952 882720 1249228    0    0     0 18100 37930 65486  9  9 72 10  0  0 2026-09-08 15:14:37
 2  1      0 12264668 883176 1250580    0    0     0 18004 38904 67116  8 11 72  9  0  0 2026-09-08 15:14:38
procs -----------memory---------- ---swap-- -----io---- -system-- -------cpu------- -----timestamp-----
 r  b   swpd   free   buff  cache   si   so    bi    bo   in   cs us sy id wa st gu                 CST
 0  2      0 12262356 883700 1252948    0    0     0 18560 38367 66089  8  9 74  9  0  0 2026-09-08 15:14:39
 3  1      0 12258612 884188 1254256    0    0     0 17772 38590 66544  8 10 73  9  0  0 2026-09-08 15:14:40
 0  2      0 12256396 884680 1255532    0    0     0 17908 38928 67069  8 10 73  9  0  0 2026-09-08 15:14:41
 0  1      0 12254976 885164 1256844    0    0     0 18196 38524 66411  8 10 72  9  0  0 2026-09-08 15:14:42
 4  1      0 12253020 885680 1258092    0    0     0 18308 38984 67350  8 10 73  9  0  0 2026-09-08 15:14:43
 4  1      0 12249936 886128 1261424    0    0     0 19904 38306 65958  8 10 72  9  0  0 2026-09-08 15:14:44
 3  1      0 12240452 886560 1271320    0    0     0 26780 38300 65908  8 10 73 10  0  0 2026-09-08 15:14:45
 2  1      0 12238860 887060 1272620    0    0     0 18756 39228 67714  8 11 72  9  0  0 2026-09-08 15:14:46
 0  1      0 12236468 887604 1273928    0    0     0 18452 39142 67398  9 11 71  9  0  0 2026-09-08 15:14:47
 1  1      0 12234536 888216 1275232    0    0     0 17964 38595 66566  8 10 73  9  0  0 2026-09-08 15:14:48
 1  2      0 12232716 888740 1277552    0    0     0 19212 38724 66844  8 10 73  9  0  0 2026-09-08 15:14:49
 3  1      0 12228688 889288 1279872    0    0     0 19244 38797 66606  8 10 72  9  0  0 2026-09-08 15:14:50
 1  0      0 12227140 889776 1281088    0    0     0 17876 38262 65773 10 10 71  9  0  0 2026-09-08 15:14:51
 2  1      0 12226312 890300 1282384    0    0     0 17928 38644 66651  8 10 72  9  0  0 2026-09-08 15:14:52
 2  1      0 12224392 890864 1283612    0    0     0 18256 39316 67653  8 10 72  9  0  0 2026-09-08 15:14:53
 1  1      0 12219468 891468 1286944    0    0     0 20216 38875 66844  9 11 71  9  0  0 2026-09-08 15:14:54
 3  1      0 12215448 892012 1289344    0    0     0 19684 39067 67437  8 10 72  9  0  0 2026-09-08 15:14:55
 3  1      0 12213732 892480 1290620    0    0     0 18336 38421 66117  9 10 73  9  0  0 2026-09-08 15:14:56
 2  1      0 12211560 893028 1291852    0    0     0 18232 38967 67160  8 10 73  9  0  0 2026-09-08 15:14:57
 6  1      0 12209420 893536 1293068    0    0     0 18408 39057 67352  8 11 72  9  0  0 2026-09-08 15:14:58
 5  0      0 12205792 893928 1296396    0    0     0 20068 37931 65061  9 10 72  9  0  0 2026-09-08 15:14:59
procs -----------memory---------- ---swap-- -----io---- -system-- -------cpu------- -----timestamp-----
 r  b   swpd   free   buff  cache   si   so    bi    bo   in   cs us sy id wa st gu                 CST
 6  1      0 12202936 894368 1298708    0    0     0 19000 39267 67630  9 11 71  9  0  0 2026-09-08 15:15:00
 2  1      0 12200956 894904 1299940    0    0     0 18372 39472 67905  9 10 72  9  0  0 2026-09-08 15:15:01
 4  1      0 12198588 895416 1302300    0    0     0 19432 38989 67450  9 10 72  9  0  0 2026-09-08 15:15:02
 3  1      0 12195636 895888 1304660    0    0     0 19332 38875 67059  8 11 72  9  0  0 2026-09-08 15:15:03
11  2      0 12190796 896464 1307032    0    0     0 19472 38346 65996  8 10 72  9  0  0 2026-09-08 15:15:04
 1  1      0 12188564 897044 1308248    0    0     0 18544 39553 67846  9 11 71  9  0  0 2026-09-08 15:15:05
 1  1      0 12185560 897676 1310532    0    0     0 19372 38408 65958  8 10 72  9  0  0 2026-09-08 15:15:06
 1  0      0 12183500 898284 1311832    0    0     0 18344 39251 67686  9 12 70  9  0  0 2026-09-08 15:15:07
 0  1      0 12182692 898824 1313104    0    0     0 18604 39510 68155  9 10 71  9  0  0 2026-09-08 15:15:08
 0  1      0 12178752 899384 1315412    0    0     0 19116 37895 65315  8 11 72  9  0  0 2026-09-08 15:15:09
 1  1      0 12176888 899852 1316708    0    0     0 17832 38040 65292 10 10 71  9  0  0 2026-09-08 15:15:10
 3  1      0 12173216 900500 1320000    0    0     0 21028 39608 68557  9 11 71  9  0  0 2026-09-08 15:15:11
 0  2      0 12170696 901100 1322356    0    0     0 19960 39276 67817  9 10 71  9  0  0 2026-09-08 15:15:12
 0  2      0 12166980 901704 1324660    0    0     0 19500 38030 65469  9 10 72  9  0  0 2026-09-08 15:15:13
 0  1      0 12162388 902340 1327048    0    0     0 19604 38863 66892  8 11 72  9  0  0 2026-09-08 15:15:14
 1  1      0 12160456 902956 1328240    0    0     0 18768 37923 65345  8 10 72  9  0  0 2026-09-08 15:15:15
 6  2      0 12156620 903472 1330472    0    0     0 19676 38532 66147  8 11 72  9  0  0 2026-09-08 15:15:16
 0  0      0 12149076 904084 1331788    0    0     0 18476 39957 68912 11 11 69  9  0  0 2026-09-08 15:15:17
 5  1      0 12144920 904636 1335120    0    0     0 20516 38788 66445 10 12 69  9  0  0 2026-09-08 15:15:18
 0  1      0 12142996 905172 1336328    0    0     0 18332 39619 68280  9 11 71  9  0  0 2026-09-08 15:15:19
 2  3      0 12144160 905752 1337584    0    0     0 18676 39627 68403  9 11 71  9  0  0 2026-09-08 15:15:20
procs -----------memory---------- ---swap-- -----io---- -system-- -------cpu------- -----timestamp-----
 r  b   swpd   free   buff  cache   si   so    bi    bo   in   cs us sy id wa st gu                 CST
 2  2      0 12141772 906404 1339924    0    0     0 19944 38667 66419  8 10 72  9  0  0 2026-09-08 15:15:21
 0  1      0 12139044 906836 1341220    0    0     0 18468 39111 67227  9 12 70  9  0  0 2026-09-08 15:15:22
 2  2      0 12136280 907324 1343536    0    0     0 19344 39368 67749 11 11 69  9  0  0 2026-09-08 15:15:23
 0  1      0 12133108 907808 1345728    0    0     0 18508 39694 68484 13 11 67  9  0  0 2026-09-08 15:15:24
 2  1      0 12129680 908320 1348964    0    0     0 19424 39485 67910 11 11 69  9  0  0 2026-09-08 15:15:25
 2  1      0 12124132 908872 1353232    0    0     0 20252 38399 66271 12 11 68  9  0  0 2026-09-08 15:15:26
 0  2      0 12123284 909396 1354360    0    0     0 17448 38439 66055 11 13 67  9  0  0 2026-09-08 15:15:27
 1  1      0 12122888 910012 1355616    0    0     0 18592 39097 67227  9 10 71  9  0  0 2026-09-08 15:15:28
 4  1      0 12122604 910644 1356840    0    0     0 18660 39029 66905  9 11 71  9  0  0 2026-09-08 15:15:29
 1  1      0 12120252 911188 1358100    0    0     0 17908 39176 67444 10 11 70  9  0  0 2026-09-08 15:15:30
 2  2      0 12118556 911816 1360360    0    0     0 19668 41026 70914 10 11 69  9  0  0 2026-09-08 15:15:31
 1  2      0 12117108 912392 1361600    0    0     0 19476 41511 71662 10 12 69  9  0  0 2026-09-08 15:15:32
 1  2      0 12113596 912952 1363784    0    0    16 17716 37087 63403 11 12 68  9  0  0 2026-09-08 15:15:33
 2  1      0 12111812 913536 1364980    0    0     0 17940 39485 68164 11 11 70  9  0  0 2026-09-08 15:15:34
 3  1      0 12109352 914168 1367240    0    0     0 19796 40228 69232 10 12 69  9  0  0 2026-09-08 15:15:35
 1  1      0 12200828 914760 1338484    0    0     0 17688 28896 48735  8  9 75  9  0  0 2026-09-08 15:15:36
 1  1      0 12200840 915388 1339272    0    0     0 16704 18377 29665  5  6 80  9  0  0 2026-09-08 15:15:37
 0  1      0 12197728 915992 1340380    0    0     0 15708 17021 27246  5  7 79  8  0  0 2026-09-08 15:15:38
 0  1      0 12196844 916556 1341496    0    0     0 15896 17543 28144  6  7 78  8  0  0 2026-09-08 15:15:39
 1  1      0 12195532 917176 1342748    0    0     0 15940 17350 27872  5  6 79  9  0  0 2026-09-08 15:15:40
 2  1      0 12195744 917376 1343212    0    0     0  9412 6528 9385  3  2 91  3  0  0 2026-09-08 15:15:41
procs -----------memory---------- ---swap-- -----io---- -system-- -------cpu------- -----timestamp-----
 r  b   swpd   free   buff  cache   si   so    bi    bo   in   cs us sy id wa st gu                 CST
 1  1      0 12189748 917584 1343552    0    0     0  9388 7669 11336  4  3 89  3  0  0 2026-09-08 15:15:42
 5  1      0 12085488 917748 1343640    0    0     0  7184 11152 17018 15  7 76  2  0  0 2026-09-08 15:15:43
 0  2      0 12202592 917868 1321800    0    0     0  6216 7413 10411  6  4 87  2  0  0 2026-09-08 15:15:44
 2  1      0 12315140 918124 1178536    0    0     0  9312 11565 17602  8  6 81  5  0  0 2026-09-08 15:15:45
 0  1      0 12241188 918228 1178536    0    0     0  4292 7524 10717 11  5 83  2  0  0 2026-09-08 15:15:46
 1  1      0 12272680 918300 1178600    0    0     0  3940 10247 15783 11  8 80  1  0  0 2026-09-08 15:15:47
 2  0      0 12335144 918464 1178604    0    0     0  7708 8184 12158  6  6 85  2  0  0 2026-09-08 15:15:48
 1  0      0 12234372 918508 1178668    0    0     0   288 8904 13221 15  6 78  0  0  0 2026-09-08 15:15:49
 0  0      0 12340816 918532 1171772    0    0     0   428 4383 5777  3  2 94  1  0  0 2026-09-08 15:15:50
 0  0      0 12345768 918568 1171772    0    0     0   264 2663 3253  0  1 99  0  0  0 2026-09-08 15:15:51
 0  0      0 12349972 918592 1171772    0    0     0   316 2743 3350  0  0 99  1  0  0 2026-09-08 15:15:52
 0  0      0 12355920 918620 1171772    0    0     0   264 2758 3397  0  1 99  0  0  0 2026-09-08 15:15:53
 0  0      0 12359844 918648 1171772    0    0     0  1464 2821 3325  0  1 98  0  0  0 2026-09-08 15:15:54
 0  0      0 12363624 918680 1171772    0    0     0   344 2827 3438  0  1 99  0  0  0 2026-09-08 15:15:55
 0  0      0 12364440 918692 1171804    0    0     0   268 2922 3532  0  1 99  0  0  0 2026-09-08 15:15:56
 0  0      0 12367632 918716 1171804    0    0     0   280 2713 3273  0  0 99  0  0  0 2026-09-08 15:15:57
 0  0      0 12371824 918748 1171804    0    0     0   272 2813 3401  0  0 99  1  0  0 2026-09-08 15:15:58
 0  1      0 12362840 918784 1177740    0    0     0   812 4437 6115  0  1 98  1  0  0 2026-09-08 15:15:59
 0  2      0 12362352 919396 1179960    0    0   640 12360 11218 17858  1  3 89  7  0  0 2026-09-08 15:16:00
 1  1      0 12318468 919632 1180508    0    0     0  9316 10881 16713  6  6 84  5  0  0 2026-09-08 15:16:01
 0  1      0 12237332 919748 1180584    0    0     0  4508 8063 11519 13  5 81  1  0  0 2026-09-08 15:16:02
procs -----------memory---------- ---swap-- -----io---- -system-- -------cpu------- -----timestamp-----
 r  b   swpd   free   buff  cache   si   so    bi    bo   in   cs us sy id wa st gu                 CST
 2  1      0 12281024 919784 1180584    0    0     0  3116 9316 14022 10  7 82  1  0  0 2026-09-08 15:16:03
 0  0      0 12336312 919896 1199688    0    0     4  3020 10239 15570  8  5 86  2  0  0 2026-09-08 15:16:04
 0  1      0 12275836 920012 1201968    0    0     0  2488 15272 22248  1  4 90  4  0  0 2026-09-08 15:16:05
 0  1      0 12273316 920640 1202060    0    0     0  7120 14016 22251  1  4 89  7  0  0 2026-09-08 15:16:06
 0  1      0 12272812 921240 1202236    0    0     0  8088 13977 22074  1  3 88  7  0  0 2026-09-08 15:16:07
 0  1      0 12273552 921788 1202324    0    0     0  8924 13945 22311  1  4 88  8  0  0 2026-09-08 15:16:08
 1  1      0 12276096 922384 1202508    0    0     0  9784 13888 22290  1  4 89  7  0  0 2026-09-08 15:16:09
 0  1      0 12279340 922936 1202776    0    0     0  8700 14426 22682  1  4 88  7  0  0 2026-09-08 15:16:10
 0  1      0 12279432 923532 1202876    0    0     0  8700 14180 22390  1  4 88  7  0  0 2026-09-08 15:16:11
 0  1      0 12279776 924112 1203064    0    0     0  8060 13394 21520  1  4 88  7  0  0 2026-09-08 15:16:12
 0  2      0 12280620 924676 1203224    0    0     0  8124 13382 21334  1  4 88  7  0  0 2026-09-08 15:16:13
 0  2      0 12281568 925236 1203320    0    0     0  7892 14006 22354  1  4 87  7  0  0 2026-09-08 15:16:14
 0  1      0 12282684 925692 1203420    0    0     0  8192 13855 22271  1  3 89  7  0  0 2026-09-08 15:16:15
 0  2      0 12283456 926168 1203504    0    0     0  7400 13744 21710  1  4 88  7  0  0 2026-09-08 15:16:16
 0  2      0 12281740 926676 1203428    0    0     0  8276 13686 21914  1  4 88  7  0  0 2026-09-08 15:16:17
 0  2      0 12281852 927152 1203796    0    0     0  7952 14368 22515  1  4 88  7  0  0 2026-09-08 15:16:18
 0  1      0 12281660 927676 1203976    0    0     0  8004 13900 21938  1  4 88  7  0  0 2026-09-08 15:16:19
 2  0      0 12276724 928016 1204140    0    0     0  7260 21915 38202  2  5 87  5  0  0 2026-09-08 15:16:20
 1  0      0 12272156 928068 1204208    0    0     0  2408 31500 57952  3  9 87  1  0  0 2026-09-08 15:16:21
 1  2      0 12269584 928244 1204292    0    0     0  3996 24583 44210  3  6 89  2  0  0 2026-09-08 15:16:22
 0  0      0 12269916 928388 1204552    0    0     0  7604 5344 7364  0  2 95  3  0  0 2026-09-08 15:16:23
procs -----------memory---------- ---swap-- -----io---- -system-- -------cpu------- -----timestamp-----
 r  b   swpd   free   buff  cache   si   so    bi    bo   in   cs us sy id wa st gu                 CST
 4  3      0 12198884 928996 1234764    0    0     0 10124 34257 58307  5  9 79  7  0  0 2026-09-08 15:16:24
 1  1      0 12182924 929596 1244876    0    0     0 24420 38286 65828  7 11 73  9  0  0 2026-09-08 15:16:25
 0  1      0 12142356 930208 1280104    0    0     0 16820 36653 63055  6 11 75  9  0  0 2026-09-08 15:16:26
 0  1      0 12098788 930816 1314716    0    0     0 16268 36111 62257  6 10 75  9  0  0 2026-09-08 15:16:27
 8  2      0 12096040 931536 1316516    0    0     0 17164 37403 64421  6 10 75  9  0  0 2026-09-08 15:16:28
 1  1      0 12092600 932012 1318036    0    0     0 16384 37588 64926  7 11 74  9  0  0 2026-09-08 15:16:29
 0  2      0 12082112 932564 1327940    0    0     0 24240 37736 65160  7 10 73  9  0  0 2026-09-08 15:16:30
 4  3      0 12072508 933112 1338104    0    0     0 24972 37035 63682  6 10 75  9  0  0 2026-09-08 15:16:31
 3  1      0 12070056 933624 1339492    0    0     0 16676 37779 65275  8 11 73  9  0  0 2026-09-08 15:16:32
 2  1      0 12059900 933952 1350200    0    0     0 25476 37023 63772  8 10 73  9  0  0 2026-09-08 15:16:33
 1  2      0 12057748 934432 1351480    0    0     0 16524 36476 62754  7 10 73  9  0  0 2026-09-08 15:16:34
 1  1      0 12054824 934808 1353716    0    0     0 17768 37939 65468  8 10 73  9  0  0 2026-09-08 15:16:35
 2  3      0 12052540 935216 1355108    0    0     0 16348 37035 63880  7 11 73  9  0  0 2026-09-08 15:16:36
 2  1      0 12051488 935576 1356312    0    0     0 15784 37005 63493  6 12 73  9  0  0 2026-09-08 15:16:37
 0  2      0 12039912 935936 1366952    0    0     0 26264 38282 65981  8 10 73  9  0  0 2026-09-08 15:16:38
 4  1      0 12038008 936292 1369136    0    0     0 15992 35423 60538  8 10 73  9  0  0 2026-09-08 15:16:39
 5  1      0 12028028 936704 1378940    0    0     0 24848 34613 59042  7 11 73  9  0  0 2026-09-08 15:16:40
 3  2      0 12024172 937000 1381208    0    0     0 17672 37685 64958  9 11 71  9  0  0 2026-09-08 15:16:41
 4  1      0 12022572 937280 1382448    0    0     0 15888 36616 63107  7 10 74  9  0  0 2026-09-08 15:16:42
 4  2      0 12018504 937640 1385700    0    0     0 19524 37840 65533  7 11 73  9  0  0 2026-09-08 15:16:43
 5  1      0 12014332 938012 1388788    0    0     0 17284 35993 61657  8 10 73  9  0  0 2026-09-08 15:16:44
procs -----------memory---------- ---swap-- -----io---- -system-- -------cpu------- -----timestamp-----
 r  b   swpd   free   buff  cache   si   so    bi    bo   in   cs us sy id wa st gu                 CST
 2  1      0 12009464 938692 1391116    0    0     0 17952 37345 64499  7 11 73  9  0  0 2026-09-08 15:16:45
 7  1      0 12052724 939364 1343056    0    0     0 17940 36718 63117  8 11 73  9  0  0 2026-09-08 15:16:46
 0  1      0 12050320 939840 1344100    0    0     0 14440 35911 61947  8 11 73  9  0  0 2026-09-08 15:16:47
 0  1      0 12045508 940540 1346156    0    0     0 18000 37158 63746  7 10 73  9  0  0 2026-09-08 15:16:48
 0  2      0 12041836 941200 1349620    0    0     0 19096 36465 62575  7 10 74  9  0  0 2026-09-08 15:16:49
 1  1      0 12040272 941844 1350812    0    0     0 16136 36618 62559  8 10 72  9  0  0 2026-09-08 15:16:50
 0  2      0 12038272 942496 1353084    0    0     0 17440 36571 63181  7 10 74  9  0  0 2026-09-08 15:16:51
 2  2      0 12035504 943084 1354252    0    0     0 16516 36991 63491  8 10 73  9  0  0 2026-09-08 15:16:52
 3  1      0 12032948 943684 1355292    0    0     0 16888 37149 64048  7 11 73  9  0  0 2026-09-08 15:16:53
 2  1      0 12029496 943948 1357676    0    0     0 17232 37602 64895  9 10 72  9  0  0 2026-09-08 15:16:54
 3  1      0 12027124 944212 1359844    0    0     0 17356 36805 63403  7 10 74  9  0  0 2026-09-08 15:16:55
 0  1      0 12024568 944468 1360980    0    0     0 16068 36174 62271  8 10 73  9  0  0 2026-09-08 15:16:56
 2  2      0 12020712 944700 1362152    0    0     0 16564 36375 62273  8 11 73  9  0  0 2026-09-08 15:16:57
 3  1      0 12017332 944912 1364360    0    0     0 17588 36600 62927  8 11 72  9  0  0 2026-09-08 15:16:58
 0  2      0 12014208 945184 1366456    0    0     0 17608 36427 62589  7 10 74  9  0  0 2026-09-08 15:16:59
 3  1      0 12011424 945420 1367660    0    0    16 16376 36334 62072  9 11 71  9  0  0 2026-09-08 15:17:00
 1  1      0 12010168 945612 1368848    0    0     0 15912 36172 61808  8 11 72  9  0  0 2026-09-08 15:17:01
 1  2      0 12006352 945920 1370368    0    0   476 16588 36520 62634  7 10 73  9  0  0 2026-09-08 15:17:02
 0  1      0 12003176 946072 1372704    0    0     0 18368 37104 63834  8 10 72  9  0  0 2026-09-08 15:17:03
 2  1      0 11999948 946324 1374924    0    0     0 17268 36094 61964  7 10 74  9  0  0 2026-09-08 15:17:04
 1  3      0 11996212 946456 1376880    0    0     0 17648 36583 62809  7 10 74  9  0  0 2026-09-08 15:17:05
procs -----------memory---------- ---swap-- -----io---- -system-- -------cpu------- -----timestamp-----
 r  b   swpd   free   buff  cache   si   so    bi    bo   in   cs us sy id wa st gu                 CST
 0  2      0 11991160 946628 1379324    0    0     0 17724 36245 62226  7 10 74  9  0  0 2026-09-08 15:17:06
 0  1      0 11988312 946772 1380492    0    0     0 16636 37557 64419  7 10 73  9  0  0 2026-09-08 15:17:07
 1  2      0 11985036 946992 1382472    0    0     0 17480 37143 64079  8 10 73  9  0  0 2026-09-08 15:17:08
 3  1      0 11981240 947140 1385852    0    0     0 19132 36537 62743  7 11 73  9  0  0 2026-09-08 15:17:09
 1  2      0 11977164 947328 1388124    0    0     0 18308 37631 64667  8 10 73  9  0  0 2026-09-08 15:17:10
 3  2      0 11971956 947520 1390304    0    0     0 18068 36869 63841  7 10 74  9  0  0 2026-09-08 15:17:11
 3  1      0 11970728 947652 1391444    0    0     0 16832 35781 61323  7 10 74  9  0  0 2026-09-08 15:17:12
 1  1      0 11972832 947828 1392500    0    0     0 17628 37400 64354  7 10 74  9  0  0 2026-09-08 15:17:13
 0  1      0 11976232 947992 1393736    0    0     0 16740 36433 61963  9 11 71  9  0  0 2026-09-08 15:17:14
 0  2      0 12056536 948100 1395992    0    0     0 18160 36473 62127  9 11 71  9  0  0 2026-09-08 15:17:15
 0  3      0 12050776 948272 1399352    0    0     0 19636 36976 63621  7 10 74  9  0  0 2026-09-08 15:17:16
 0  1      0 12049756 948456 1400420    0    0     0 17356 37044 63468  8 11 72  9  0  0 2026-09-08 15:17:17
 0  1      0 12048168 948648 1401596    0    0     0 17660 36945 63577  8 10 73  9  0  0 2026-09-08 15:17:18
 0  1      0 12046412 948832 1402800    0    0     0 17996 38439 66067  7 11 73  9  0  0 2026-09-08 15:17:19
 1  3      0 12044124 948948 1405000    0    0     0 18144 38052 65601  9 10 72  9  0  0 2026-09-08 15:17:20
 3  1      0 12041944 949028 1407260    0    0     0 17848 36151 61940  8 10 73  9  0  0 2026-09-08 15:17:21
 2  1      0 12036820 949236 1412592    0    0     0 21428 36948 63208  8 10 73  9  0  0 2026-09-08 15:17:22
 0  1      0 12035852 949428 1413736    0    0     0 17056 35732 61477  8 10 73  9  0  0 2026-09-08 15:17:23
 0  1      0 12035172 949688 1414832    0    0     0 17672 37106 63978  8 10 73  9  0  0 2026-09-08 15:17:24
 1  2      0 12034116 949960 1416000    0    0     0 16896 36253 62076  8 10 74  9  0  0 2026-09-08 15:17:25
 0  1      0 12031868 950196 1418248    0    0     0 17932 37296 64134  8 10 72  9  0  0 2026-09-08 15:17:26
procs -----------memory---------- ---swap-- -----io---- -system-- -------cpu------- -----timestamp-----
 r  b   swpd   free   buff  cache   si   so    bi    bo   in   cs us sy id wa st gu                 CST
 3  1      0 12030492 950364 1419412    0    0     0 17064 36455 62403  8 11 72  9  0  0 2026-09-08 15:17:27
 2  2      0 12029628 950632 1420556    0    0     0 17128 36741 62922  9 11 71  9  0  0 2026-09-08 15:17:28
 1  2      0 12028804 950880 1421752    0    0     0 16688 36534 62747  8 10 72  9  0  0 2026-09-08 15:17:29
 2  2      0 12026112 951196 1423944    0    0     0 18204 36537 62739  7 10 73  9  0  0 2026-09-08 15:17:30
 1  0      0 12024048 951372 1426092    0    0     0 17752 36928 63124 10 11 70  9  0  0 2026-09-08 15:17:31
 0  1      0 12022716 951620 1427316    0    0     0 17964 37323 63911  8 10 73  9  0  0 2026-09-08 15:17:32
 1  1      0 12020696 951820 1428324    0    0     0 17420 36913 63454  9 11 71  9  0  0 2026-09-08 15:17:33
 0  1      0 12018980 952028 1430680    0    0     0 18568 37142 63580  9 10 72  9  0  0 2026-09-08 15:17:34
 0  2      0 12017020 952280 1431820    0    0     0 17288 36623 62639  8  9 73  9  0  0 2026-09-08 15:17:35
 1  1      0 12013556 952484 1434056    0    0     0 18248 37075 63905  7 10 74  9  0  0 2026-09-08 15:17:36
 3  2      0 12011576 952700 1435132    0    0     0 17688 38907 67245  9 11 71  9  0  0 2026-09-08 15:17:37
 0  1      0 11999132 952916 1447028    0    0     0 27812 37228 64012  8 11 72  9  0  0 2026-09-08 15:17:38
 0  1      0 11997580 953128 1448184    0    0     0 17204 37363 64259  9  9 72  9  0  0 2026-09-08 15:17:39
 1  1      0 11996200 953444 1449240    0    0     0 17208 36873 62996  8 11 72  9  0  0 2026-09-08 15:17:40
 1  1      0 11993556 953720 1451532    0    0     0 18808 37802 64903  8 10 72  9  0  0 2026-09-08 15:17:41
 3  2      0 11992840 953988 1452660    0    0     0 17528 36590 62627  8 11 72  9  0  0 2026-09-08 15:17:42
 1  3      0 11991084 954232 1453860    0    0     0 17496 36734 62907  7 10 73 10  0  0 2026-09-08 15:17:43
 4  1      0 11991036 954500 1455012    0    0     0 17544 37192 63803  9 10 72  9  0  0 2026-09-08 15:17:44
 3  3      0 11989144 954772 1456024    0    0     0 17624 37574 64636  9 11 71  9  0  0 2026-09-08 15:17:45
 2  2      0 11986168 955008 1457252    0    0     0 17492 37169 63679  8 11 72  9  0  0 2026-09-08 15:17:46
 1  2      0 11983956 955252 1459456    0    0     0 18936 37970 65112 10 11 70  9  0  0 2026-09-08 15:17:47
procs -----------memory---------- ---swap-- -----io---- -system-- -------cpu------- -----timestamp-----
 r  b   swpd   free   buff  cache   si   so    bi    bo   in   cs us sy id wa st gu                 CST
 4  1      0 11981900 955544 1461704    0    0     4 18504 37460 63894  9 11 71  9  0  0 2026-09-08 15:17:48
 0  2      0 11979312 955856 1462852    0    0     0 18080 37467 64512  8 10 73  9  0  0 2026-09-08 15:17:49
 2  2      0 11976680 956080 1465032    0    0     0 18960 37608 64940  9 11 71  9  0  0 2026-09-08 15:17:50
 0  2      0 11971864 956396 1469212    0    0     0 20604 37330 63950  8 10 72  9  0  0 2026-09-08 15:17:51
 0  1      0 11971132 956648 1470344    0    0     0 16648 36254 62025  9 10 72  9  0  0 2026-09-08 15:17:52
 1  2      0 11968272 956952 1472616    0    0     0 19328 38061 65364  9 12 70  9  0  0 2026-09-08 15:17:53
 0  1      0 11966408 957236 1473744    0    0     0 18044 37842 65046  9 11 71  9  0  0 2026-09-08 15:17:54
 4  1      0 11963392 957620 1474936    0    0     0 17888 38028 65192  9 10 71  9  0  0 2026-09-08 15:17:55
 2  1      0 11960780 957892 1477032    0    0     0 18336 36898 63202  9 10 72  9  0  0 2026-09-08 15:17:56
 2  2      0 11959944 958240 1478224    0    0     0 17320 37135 63484 11 13 67  9  0  0 2026-09-08 15:17:57
 0  1      0 11958852 958572 1479404    0    0     0 16984 36686 62721  9 10 71  9  0  0 2026-09-08 15:17:58
 0  1      0 11958168 958900 1480572    0    0     0 18464 38235 65437  9 11 71  9  0  0 2026-09-08 15:17:59
 1  1      0 11948244 959244 1483844    0    0     0 20224 38066 65538 10 10 70  9  0  0 2026-09-08 15:18:00
 2  1      0 11946244 959520 1485972    0    0     0 18360 36590 62507  8 11 72  9  0  0 2026-09-08 15:18:01
 1  1      0 11943636 959844 1487160    0    0     0 17520 36739 63031  8 11 72  9  0  0 2026-09-08 15:18:02
 4  1      0 11943216 960168 1489308    0    0     0 19344 36822 63402  8 11 72  9  0  0 2026-09-08 15:18:03
 1  2      0 11942312 960508 1490484    0    0     0 17088 35588 60992  9 10 73  9  0  0 2026-09-08 15:18:04
 2  2      0 11940032 960884 1491624    0    0     0 18892 37359 64419  9 11 71  9  0  0 2026-09-08 15:18:05
 1  1      0 11936812 961240 1493692    0    0     0 18880 37616 64601  8 11 72  9  0  0 2026-09-08 15:18:06
 4  2      0 11933720 961544 1495860    0    0     0 19116 37313 64037  8 10 72  9  0  0 2026-09-08 15:18:07
 3  1      0 11932812 961900 1497164    0    0     0 16792 37183 63585  9 10 71  9  0  0 2026-09-08 15:18:08
procs -----------memory---------- ---swap-- -----io---- -system-- -------cpu------- -----timestamp-----
 r  b   swpd   free   buff  cache   si   so    bi    bo   in   cs us sy id wa st gu                 CST
 3  1      0 11927488 962260 1500448    0    0     0 19884 37811 64866  9 11 71  9  0  0 2026-09-08 15:18:09
 0  3      0 11926712 962556 1502592    0    0     0 18900 36602 62631  9 10 72  9  0  0 2026-09-08 15:18:10
 0  2      0 11922936 962852 1503780    0    0     0 18304 37415 64281  8 11 72  9  0  0 2026-09-08 15:18:11
 3  2      0 11921340 963224 1505972    0    0     0 18096 36552 62410 11 11 69  9  0  0 2026-09-08 15:18:12
 1  2      0 11921040 963608 1507128    0    0     0 18708 37366 63864  9 11 71  9  0  0 2026-09-08 15:18:13
 0  1      0 11918516 963932 1509276    0    0     0 19224 37413 64362  8 11 71 10  0  0 2026-09-08 15:18:14
 3  1      0 11916648 964316 1510464    0    0     0 17768 37371 63985  9 11 71  9  0  0 2026-09-08 15:18:15
 1  2      0 11914932 964672 1511612    0    0     0 18092 37567 64721  8 10 73  9  0  0 2026-09-08 15:18:16
 0  1      0 11910556 964980 1515776    0    0     0 21468 36658 62832  8 10 72  9  0  0 2026-09-08 15:18:17
 0  1      0 11908828 965384 1517044    0    0     0 18016 37320 63888  8 10 72  9  0  0 2026-09-08 15:18:18
 0  4      0 11905456 965736 1518160    0    0     0 17220 36316 62278  9 10 72  9  0  0 2026-09-08 15:18:19
 4  0      0 11904448 966068 1519260    0    0     0 17420 36830 63011  9 11 70  9  0  0 2026-09-08 15:18:20
 0  1      0 11901108 966396 1521500    0    0     0 19492 38015 64908 10 11 70  9  0  0 2026-09-08 15:18:21
 0  1      0 11899648 966748 1522656    0    0     0 18268 36693 62836  9 11 71  9  0  0 2026-09-08 15:18:22
 4  1      0 11895384 967124 1525928    0    0     0 19712 37227 63992  9 11 71  9  0  0 2026-09-08 15:18:23
 1  0      0 11989972 967292 1496668    0    0     0 13128 12169 18806  5  5 85  5  0  0 2026-09-08 15:18:24
 2  0      0 11882648 967384 1496732    0    0     0  7264 11620 17467 12  8 77  3  0  0 2026-09-08 15:18:25
 1  1      0 11952940 967472 1496728    0    0     0  6772 7810 11114  8  4 85  3  0  0 2026-09-08 15:18:26
 1  0      0 11956836 967580 1496768    0    0     0  8272 34401 63475  4  8 85  3  0  0 2026-09-08 15:18:27
 1  1      0 11960384 967660 1496772    0    0     0  5520 33663 62271  4  7 87  2  0  0 2026-09-08 15:18:28
 1  1      0 11955344 967804 1508000    0    0     0  8940 9598 14762  1  3 91  4  0  0 2026-09-08 15:18:29
procs -----------memory---------- ---swap-- -----io---- -system-- -------cpu------- -----timestamp-----
 r  b   swpd   free   buff  cache   si   so    bi    bo   in   cs us sy id wa st gu                 CST
 1  1      0 11905276 968124 1530396    0    0     0 15976 35206 60016  7 10 76  8  0  0 2026-09-08 15:18:30
 3  2      0 11898624 968496 1532536    0    0     0 16700 37845 65707  7 10 74  9  0  0 2026-09-08 15:18:31
 1  1      0 11894032 968828 1533712    0    0     0 17988 37980 65645  7 10 74  9  0  0 2026-09-08 15:18:32
 0  2      0 11891788 969120 1537024    0    0     0 20440 37346 64074  7 11 73  9  0  0 2026-09-08 15:18:33
 0  3      0 11887908 969448 1538160    0    0     0 18668 37687 64833  8 10 73  9  0  0 2026-09-08 15:18:34
 0  3      0 11885696 969868 1539312    0    0     0 18776 36460 62723  7  9 74  9  0  0 2026-09-08 15:18:35
 0  1      0 11886008 970164 1540468    0    0     0 18044 37076 63811  7 11 74  9  0  0 2026-09-08 15:18:36
 1  1      0 11885192 970488 1541584    0    0     0 18468 36696 62907  6  9 75 10  0  0 2026-09-08 15:18:37
 0  2      0 11882540 970916 1542732    0    0     0 18092 36836 63542  7 10 73  9  0  0 2026-09-08 15:18:38
 0  1      0 11881540 971336 1543908    0    0     0 18576 38099 65722  7 11 73  9  0  0 2026-09-08 15:18:39
 4  0      0 11879332 971832 1545876    0    0     4 19212 37290 63891  8 12 72  9  0  0 2026-09-08 15:18:40
 3  2      0 11877456 972196 1548272    0    0     0 18628 36302 62450  7 10 74  9  0  0 2026-09-08 15:18:41
 0  3      0 11876908 972496 1549424    0    0     0 17332 36891 63145  8 11 71  9  0  0 2026-09-08 15:18:42
 0  2      0 11875612 972948 1550456    0    0     0 18704 37468 64564  8 10 73  9  0  0 2026-09-08 15:18:43
 1  3      0 11871004 973336 1552772    0    0     0 19368 37171 63993  7 11 72  9  0  0 2026-09-08 15:18:44
 3  1      0 11864000 973732 1554944    0    0     0 18448 35995 61823  7 10 74  9  0  0 2026-09-08 15:18:45
 1  2      0 11862900 974140 1556004    0    0     0 18196 37134 64075  8 10 73 10  0  0 2026-09-08 15:18:46
 1  2      0 11859424 974512 1559284    0    0     0 19796 36796 62842  8 12 71  9  0  0 2026-09-08 15:18:47
 0  1      0 11860384 974924 1560496    0    0     0 19264 37733 65094  7  9 74 10  0  0 2026-09-08 15:18:48
 2  2      0 11858156 975328 1561672    0    0     0 17700 36101 61930  7 10 74  9  0  0 2026-09-08 15:18:49
 0  2      0 11855504 975688 1563888    0    0     0 19648 36994 63434  9 11 71  9  0  0 2026-09-08 15:18:50
procs -----------memory---------- ---swap-- -----io---- -system-- -------cpu------- -----timestamp-----
 r  b   swpd   free   buff  cache   si   so    bi    bo   in   cs us sy id wa st gu                 CST
 3  2      0 11853028 976044 1566080    0    0     0 20476 37075 63746  9 11 72  9  0  0 2026-09-08 15:18:51
 3  1      0 11850956 976428 1568076    0    0     0 18064 31220 52881  8  9 74  9  0  0 2026-09-08 15:18:52
 3  2      0 11847676 976748 1571332    0    0     0 20456 38473 66176  9 12 70  9  0  0 2026-09-08 15:18:53
 5  1      0 11842144 977100 1574700    0    0     0 20704 38150 65253 10 12 69  9  0  0 2026-09-08 15:18:54
 0  1      0 11840476 977444 1575884    0    0     0 18816 38552 66285 10 11 70  9  0  0 2026-09-08 15:18:55
 0  2      0 11839800 977704 1577056    0    0     0 18512 37059 63460  9 10 71  9  0  0 2026-09-08 15:18:56
 0  2      0 11838160 977988 1578196    0    0     0 17824 36430 62281  9 10 71  9  0  0 2026-09-08 15:18:57
 3  2      0 11837532 978232 1579240    0    0     0 17916 36343 62461  8 10 72 10  0  0 2026-09-08 15:18:58
 0  2      0 11833024 978496 1582568    0    0     0 21204 36944 63615  9 10 72  9  0  0 2026-09-08 15:18:59
 4  1      0 11830660 978764 1584696    0    0     0 19292 36636 62850  9 10 72  9  0  0 2026-09-08 15:19:00
 0  2      0 11829524 978996 1585752    0    0     0 18532 36776 63189  8 11 71 10  0  0 2026-09-08 15:19:01
 1  3      0 11827168 979144 1587044    0    0     0 18564 37190 63709 10 11 69  9  0  0 2026-09-08 15:19:02
 5  1      0 11826168 979376 1588188    0    0     0 17956 36853 63117 10 10 71  9  0  0 2026-09-08 15:19:03
 1  1      0 11824100 979576 1589360    0    0     0 18196 37049 63555 10 11 70  9  0  0 2026-09-08 15:19:04
 1  3      0 11821836 979820 1591548    0    0     0 19008 37084 63768 10 11 70  9  0  0 2026-09-08 15:19:05
 3  3      0 11818076 980024 1593760    0    0     0 19664 37359 64404  9 11 71  9  0  0 2026-09-08 15:19:06
 0  1      0 11817420 980272 1594916    0    0     0 18432 36721 62885  9 10 71 10  0  0 2026-09-08 15:19:07
 1  3      0 11816724 980604 1596056    0    0     0 18128 37285 63878 10 12 70  9  0  0 2026-09-08 15:19:08
 0  1      0 11813336 981028 1598228    0    0     0 19340 36498 62482  9 11 70  9  0  0 2026-09-08 15:19:09
 0  1      0 11811128 981376 1600404    0    0     0 20116 38006 65792  9 11 70  9  0  0 2026-09-08 15:19:10
 0  3      0 11808680 981764 1601564    0    0     0 18432 36085 61853  9 10 72  9  0  0 2026-09-08 15:19:11
procs -----------memory---------- ---swap-- -----io---- -system-- -------cpu------- -----timestamp-----
 r  b   swpd   free   buff  cache   si   so    bi    bo   in   cs us sy id wa st gu                 CST
 1  2      0 11807280 982136 1602640    0    0     0 18068 37745 64935  9 12 70  9  0  0 2026-09-08 15:19:12
 3  1      0 11804984 982432 1604624    0    0     0 19964 36927 63409  9 10 72  9  0  0 2026-09-08 15:19:13
 0  2      0 11803328 982832 1606052    0    0     0 18960 37217 63772 10 10 71  9  0  0 2026-09-08 15:19:14
 1  3      0 11800236 983144 1608276    0    0     0 19012 36596 62752 10 10 70  9  0  0 2026-09-08 15:19:15
 0  4      0 11798248 983404 1609368    0    0     0 18308 36255 61807  9 11 70  9  0  0 2026-09-08 15:19:16
 5  2      0 11797256 983684 1610488    0    0     0 19692 36784 63208  9 10 71  9  0  0 2026-09-08 15:19:17
 2  2      0 11795860 983952 1611720    0    0     0 19236 37307 63930  8 10 72  9  0  0 2026-09-08 15:19:18
 1  0      0 11794544 984236 1612880    0    0     0 18244 36442 62541  8 11 72  9  0  0 2026-09-08 15:19:19
 0  2      0 11792628 984456 1615072    0    0     0 20180 37466 64267  9 10 71  9  0  0 2026-09-08 15:19:20
 1  3      0 11782628 984728 1624604    0    0     0 27188 36531 62549 10 10 71  9  0  0 2026-09-08 15:19:21
 4  2      0 11780832 984960 1625764    0    0     0 18684 37387 64341 10 11 70  9  0  0 2026-09-08 15:19:22
 7  1      0 11778728 985168 1626920    0    0     0 18132 37380 64329 10 11 70  9  0  0 2026-09-08 15:19:23
 6  1      0 11778152 985416 1628044    0    0     0 18504 35934 61247  9 11 71  9  0  0 2026-09-08 15:19:24
 1  1      0 11777612 985684 1629220    0    0     0 19492 38580 66599 10 11 70  9  0  0 2026-09-08 15:19:25
 0  1      0 11776980 985904 1630180    0    0     0 18864 36111 61972  9 10 71  9  0  0 2026-09-08 15:19:26
 2  1      0 11774576 986144 1631452    0    0     0 18544 37398 64320  9 10 71 10  0  0 2026-09-08 15:19:27
 0  1      0 11772428 986412 1633640    0    0     0 19588 37025 63575  9 11 71  9  0  0 2026-09-08 15:19:28
 1  1      0 11769928 986784 1634832    0    0     0 19248 36849 63218  9 10 71 10  0  0 2026-09-08 15:19:29
 3  1      0 11767800 987108 1635972    0    0     0 17740 35989 61571 11 10 70  9  0  0 2026-09-08 15:19:30
 0  2      0 11764308 987428 1638208    0    0     4 20632 37733 64777  9 11 71  9  0  0 2026-09-08 15:19:31
 0  1      0 11762616 987760 1639120    0    0     0 18904 37045 63659 10 11 69  9  0  0 2026-09-08 15:19:32
procs -----------memory---------- ---swap-- -----io---- -system-- -------cpu------- -----timestamp-----
 r  b   swpd   free   buff  cache   si   so    bi    bo   in   cs us sy id wa st gu                 CST
 5  1      0 11761200 988092 1640448    0    0     0 17180 37689 64985 11 12 67  9  0  0 2026-09-08 15:19:33
 5  1      0 11759824 988376 1642552    0    0     0 18792 38107 65728 14 11 67  9  0  0 2026-09-08 15:19:34
 2  2      0 11758540 988684 1643660    0    0     0 17772 36410 62823 11 10 70  9  0  0 2026-09-08 15:19:35
 1  2      0 11755276 988992 1644832    0    0     0 20144 39116 67342 12 11 68  9  0  0 2026-09-08 15:19:36
 1  1      0 11752436 989372 1645856    0    0     0 17828 38696 66860 11 11 69  9  0  0 2026-09-08 15:19:37
 1  2      0 11750892 989520 1647180    0    0     0 17456 38428 66387 12 10 68  9  0  0 2026-09-08 15:19:38
 0  2      0 11747196 989648 1651540    0    0     0 21544 37460 64362 10 10 70  9  0  0 2026-09-08 15:19:39
 0  3      0 11745416 989780 1652760    0    0     0 18476 37162 63806 10 10 71  9  0  0 2026-09-08 15:19:40
 0  2      0 11744948 989924 1653952    0    0     0 17692 36846 63389 10 11 70  9  0  0 2026-09-08 15:19:41
 1  2      0 11739800 990056 1659316    0    0     0 22856 37004 63441  9 11 70  9  0  0 2026-09-08 15:19:42
 4  2      0 11738032 990160 1660408    0    0     0 16008 35350 60560 11 11 69  9  0  0 2026-09-08 15:19:43
 3  2      0 11735236 990252 1662612    0    0     0 22164 38484 66299 10 12 69 10  0  0 2026-09-08 15:19:44
 0  3      0 11733548 990392 1663776    0    0     0 20908 37777 64999 10 11 70 10  0  0 2026-09-08 15:19:45
 0  1      0 11730524 990552 1665964    0    0     0 20092 36853 62953 10 11 70  9  0  0 2026-09-08 15:19:46
 0  2      0 11721060 990692 1675524    0    0     0 28364 37456 64156  9 11 70 10  0  0 2026-09-08 15:19:47
 0  2      0 11718524 990832 1676652    0    0     0 19732 36656 62545 11 11 68  9  0  0 2026-09-08 15:19:48
 0  2      0 11715292 990968 1678860    0    0     0 20544 38736 66855 10 11 70  9  0  0 2026-09-08 15:19:49
 6  1      0 11714480 991076 1680028    0    0     0 20360 38693 66546 11 12 68  9  0  0 2026-09-08 15:19:50
